JGI Assembly ID;Phylogenetic Order;Species;Ecology;Phylum;Class;Order;Family;Genus;AA1;AA1_1;AA1_2;AA1_3;AA2;AA3;AA3_1;AA3_2;AA3_3;AA5;AA5_1;AA5_2;AA7;AA8;AA9;AA10;AA11;AA12;AA13;AA14;CBM1;CBM4;CBM5;CBM6;CBM8;CBM13;CBM14;CBM18;CBM19;CBM20;CBM21;CBM24;CBM32;CBM35;CBM38;CBM42;CBM43;CBM48;CBM50;CBM52;CBM63;CBM66;CBM67;CE1;CE2;CE3;CE4;CE5;CE8;CE12;CE15;CE16;EXPN;GH1;GH2;GH3;GH5;GH5_4;GH5_5;GH5_7;GH5_9;GH5_11;GH5_12;GH5_15;GH5_16;GH5_23;GH5_24;GH5_27;GH5_30;GH5_31;GH5_50;GH5_51;GH6;GH7;GH9;GH10;GH11;GH12;GH13;GH13_1;GH13_8;GH13_22;GH13_32;GH13_40;GH13_M42;GH15;GH16;GH17;GH18;GH20;GH23;GH24;GH25;GH26;GH27;GH28;GH29;GH30;GH30_3;GH30_5;GH30_7;GH31;GH32;GH33;GH35;GH36;GH37;GH38;GH39;GH42;GH43;GH44;GH45;GH46;GH47;GH49;GH51;GH53;GH54;GH55;GH62;GH63;GH64;GH65;GH67;GH71;GH72;GH74;GH75;GH76;GH78;GH79;GH81;GH85;GH88;GH89;GH92;GH93;GH95;GH105;GH106;GH114;GH115;GH125;GH128;GH130;GH131;GH132;GH134;GH135;GH136;GH139;GH140;GH141;GH142;GH145;GH152;PL1;PL1_2;PL1_4;PL1_6;PL1_7;PL1_9;PL1_10;PL3;PL3_2;PL4;PL4_1;PL4_3;PL4_5;PL7;PL7_4;PL8_4;PL9_3;PL11_2;PL14;PL14_3;PL14_4;PL14_5;PL20;PL26;PL27
Chalo1;1;Chalara longipes;Saprotroph;Ascomycota;Leotiomycetes;Helotiales;;Chalara;4;0;6;8;1;4;3;14;0;1;3;0;3;8;24;0;1;3;0;0;12;0;0;1;0;2;0;34;0;2;0;0;3;1;0;1;1;0;21;0;1;0;0;7;0;6;3;7;6;0;2;4;4;1;3;11;1;1;9;3;2;0;0;1;2;0;1;0;0;0;0;0;2;9;0;7;8;3;0;1;0;0;0;0;0;1;9;3;13;2;1;0;1;1;4;18;0;0;0;1;2;2;1;0;5;0;0;0;1;0;11;0;2;0;2;0;3;2;2;10;2;0;0;2;1;2;6;1;0;4;4;2;0;0;0;1;3;3;0;0;0;2;2;2;5;0;4;1;1;1;0;0;0;0;0;0;0;0;0;0;0;0;0;0;0;0;0;0;0;1;0;0;0;0;0;0;0;0;0;0;0;0
Melva1;2;Meliniomyces variabilis;Ericoid mycorrhizae;Ascomycota;Leotiomycetes;Helotiales;Helotiaceae;Meliniomyces;2;0;7;5;1;5;2;6;0;1;6;0;2;5;18;0;1;4;0;0;11;0;0;0;0;3;0;20;0;3;0;0;1;2;1;1;2;0;15;0;1;0;0;4;0;6;4;6;3;0;1;3;3;2;2;16;2;2;8;3;0;0;0;1;2;1;1;0;0;0;0;0;2;8;0;4;7;2;0;1;0;0;0;0;0;2;13;0;12;2;0;0;1;2;6;17;0;0;0;1;3;3;2;0;4;0;0;0;4;0;8;0;4;0;3;1;6;3;2;8;2;0;0;1;1;1;8;1;0;6;5;5;1;0;0;1;2;6;1;0;0;1;2;3;7;0;4;1;0;2;0;1;0;0;0;0;0;0;0;0;0;0;0;0;0;1;0;0;1;1;0;2;0;0;0;0;0;0;0;0;0;0
Melbi2;3;Meliniomyces bicolor;Ericoid mycorrhizae;Ascomycota;Leotiomycetes;Helotiales;Helotiaceae;Meliniomyces;2;0;4;10;1;3;1;5;0;0;3;3;2;2;3;0;2;1;0;0;10;0;0;0;0;2;0;19;0;3;0;0;3;1;0;1;0;0;18;1;0;0;0;4;0;3;2;2;5;2;0;3;2;1;0;6;0;0;5;1;2;0;0;1;1;0;0;0;0;0;0;0;1;3;0;3;2;4;0;1;0;0;0;0;0;2;11;2;12;2;0;0;1;0;4;13;1;0;1;0;1;2;1;0;1;0;0;0;1;0;7;0;2;0;2;0;1;2;1;5;0;0;0;2;1;1;5;0;0;4;2;1;0;0;0;1;2;3;2;0;0;1;2;1;1;0;2;1;0;0;0;0;0;1;0;0;0;1;0;0;0;0;0;0;0;0;0;0;1;0;0;1;0;0;0;0;0;0;0;0;0;0
Rhier1;4;Rhizoscyphus ericae;Ericoid mycorrhizae;Ascomycota;Leotiomycetes;Helotiales;Leotiaceae;Pezoloma;3;0;3;4;0;3;1;2;0;0;3;0;0;1;6;0;2;1;0;0;11;0;0;0;0;1;0;17;0;2;0;0;1;2;0;1;2;0;10;0;1;0;0;1;0;1;2;2;1;2;0;3;2;0;0;7;1;0;6;4;1;0;0;1;1;0;0;0;0;0;0;0;1;1;0;2;2;2;0;1;0;0;0;0;0;1;11;3;6;2;1;0;1;0;4;12;0;0;0;0;0;4;1;0;3;0;0;0;1;0;4;0;2;0;1;0;1;2;1;7;1;0;0;1;1;2;6;1;0;6;3;2;0;0;0;1;1;1;0;0;0;0;1;2;4;0;0;1;0;0;0;0;0;0;0;0;0;0;0;0;0;0;0;0;0;0;0;0;0;0;0;0;0;0;0;0;0;0;0;0;0;0
Acema1;5;Acephala macrosclerotiorum;Ectomycorrhizae;Ascomycota;Leotiomycetes;Helotiales;;Acephala;3;0;7;8;0;3;3;6;0;1;4;0;2;3;12;0;4;1;0;0;17;0;0;0;0;1;0;34;0;3;0;0;1;2;0;1;1;0;8;0;1;0;0;3;0;0;4;7;2;2;2;3;3;1;1;9;1;0;6;3;2;0;0;0;2;0;0;0;0;0;0;0;1;3;0;6;3;4;0;2;0;0;0;0;0;2;12;1;10;2;1;0;0;0;4;17;1;0;0;0;1;4;0;0;5;0;0;0;3;0;5;0;2;0;1;0;3;2;1;6;1;1;0;1;0;2;6;2;1;5;6;2;0;0;0;1;6;1;1;1;0;2;1;2;3;0;6;1;0;1;0;0;0;0;1;0;0;1;0;2;0;3;0;0;0;1;0;1;1;0;0;0;0;0;0;0;0;0;0;0;0;0
Phisc1;6;Phialocephala scopiformis;Endophyte;Ascomycota;Leotiomycetes;Helotiales;;Phialocephala;2;0;7;10;1;5;3;12;0;1;6;0;2;7;19;0;1;4;0;0;19;0;0;0;0;4;0;24;0;3;0;3;2;1;0;1;1;0;2;1;1;0;0;4;0;2;1;8;5;2;3;3;2;0;3;12;0;0;9;3;3;0;0;1;1;0;0;0;0;0;0;0;3;6;0;4;7;3;0;1;0;0;0;0;0;2;11;4;4;3;0;1;0;1;5;19;0;0;0;0;3;4;0;0;5;0;0;0;1;0;10;0;2;0;4;0;1;2;1;4;0;0;0;1;1;3;5;2;1;6;5;2;1;0;0;1;6;2;1;0;0;3;2;3;4;1;5;0;0;1;0;0;0;0;2;0;0;0;0;1;0;0;0;0;0;0;0;0;1;0;0;0;0;0;0;0;0;0;0;0;0;0
Ascsa1;7;Ascocoryne sarcoides;Endophyte;Ascomycota;Leotiomycetes;Helotiales;Helotiaceae;Ascocoryne;1;0;0;3;0;0;2;0;0;1;1;0;1;1;5;0;2;0;0;0;28;0;0;0;0;0;0;16;0;2;0;0;1;4;0;1;1;0;6;0;1;0;0;4;0;3;2;4;2;1;1;3;4;1;0;7;1;1;8;2;1;0;0;1;2;0;0;0;0;0;0;0;2;5;0;2;2;1;0;1;0;0;0;0;0;1;10;4;6;1;0;0;0;1;2;8;1;0;1;1;0;2;0;0;3;0;0;0;2;0;4;0;3;0;3;0;1;1;1;3;0;0;0;1;0;3;4;1;0;5;4;1;1;0;0;1;2;3;0;0;0;1;1;1;6;0;1;1;0;0;0;0;1;0;1;0;0;0;0;0;0;1;0;0;0;0;0;0;0;1;0;0;0;0;0;0;0;0;0;0;0;0
Glalo1;8;Glarea lozoyensis;Saprotroph;Ascomycota;Leotiomycetes;Helotiales;Helotiaceae;Glarea;2;0;1;5;4;3;3;10;0;1;1;1;5;5;22;0;3;2;0;0;12;0;0;2;0;2;0;34;0;1;0;1;1;1;1;0;1;0;9;0;1;0;0;9;0;9;3;5;2;2;2;3;5;2;2;12;0;1;3;2;3;0;0;1;1;1;0;0;0;0;0;0;3;5;0;6;3;2;0;0;0;0;0;0;0;1;10;5;8;1;0;1;1;1;5;6;0;0;0;0;3;1;2;0;2;0;0;0;0;0;9;0;1;0;1;0;1;2;0;3;2;0;0;1;0;2;7;0;0;5;3;2;1;0;0;0;3;3;1;0;0;3;1;2;4;0;3;1;0;0;0;0;0;0;1;0;0;2;0;2;0;1;0;1;0;2;0;1;1;0;0;1;0;1;0;0;0;0;0;0;0;0
Amore1;9;Amorphotheca resinae;Saprotroph;Ascomycota;Leotiomycetes;;Myxotrichaceae;Amorphotheca;1;0;1;3;0;0;1;2;0;0;1;0;1;0;1;0;2;0;0;0;2;0;0;0;0;1;0;8;0;1;0;0;0;1;0;0;1;0;9;0;0;0;0;0;0;2;0;1;1;0;0;1;0;1;1;3;1;0;2;1;1;0;0;1;0;0;0;0;0;0;0;0;0;0;0;0;0;0;0;1;0;0;0;0;0;1;7;3;6;2;0;0;0;0;4;3;0;0;0;0;0;3;0;0;2;0;0;0;0;0;1;0;0;0;1;0;1;1;0;3;0;0;0;1;0;3;5;0;0;4;4;1;0;0;0;1;3;1;0;0;0;0;1;2;1;0;0;1;0;0;0;0;0;0;1;0;0;0;0;0;0;0;0;0;0;0;0;0;0;0;0;0;0;0;0;0;0;0;0;0;0;0
Oidma1;10;Oidiodendron maius;Ericoid mycorrhizae;Ascomycota;Leotiomycetes;;Myxotrichaceae;Oidiodendron;0;0;1;10;0;0;1;3;0;0;2;1;0;1;8;0;2;1;0;0;30;0;0;2;0;1;0;4;0;2;0;2;2;2;2;1;3;0;1;0;1;0;0;4;1;1;0;6;4;1;2;4;3;4;6;18;1;0;7;1;0;0;0;0;1;0;1;0;0;0;0;0;2;5;0;2;8;6;0;1;0;0;0;0;0;2;7;3;14;3;1;3;2;0;13;19;1;0;1;2;2;3;3;1;6;0;0;0;4;0;11;0;2;0;2;1;6;2;3;11;3;0;1;1;0;2;8;1;2;4;6;12;1;0;0;2;7;2;1;0;0;1;1;3;3;1;2;2;0;3;2;1;1;2;0;0;0;0;0;1;0;1;0;0;0;0;0;0;1;0;0;5;0;0;0;0;0;0;0;1;0;0
Bissp1;11;Bisporella sp.;Saprotroph;Ascomycota;Leotiomycetes;Helotiales;Helotiaceae;Bisporella;2;0;0;7;3;4;2;7;0;1;2;2;6;5;24;0;4;3;1;0;20;0;0;1;0;2;0;17;0;4;0;3;3;5;1;0;1;0;15;1;1;1;0;8;1;4;3;10;1;3;3;4;5;1;1;11;0;0;3;2;2;2;0;2;2;0;0;0;0;1;0;0;2;2;0;3;2;4;0;2;0;0;0;0;0;2;14;1;12;2;0;0;0;1;4;6;2;0;0;0;2;1;1;1;4;0;0;0;2;0;16;0;1;0;0;0;2;2;0;5;2;0;0;0;1;3;4;2;0;6;8;6;0;0;0;1;4;2;1;1;0;2;3;2;2;0;3;1;0;0;0;0;0;0;0;0;0;1;1;1;0;3;0;1;0;1;0;1;1;0;0;1;0;1;0;0;0;0;0;1;0;0
Sclsc1;12;Sclerotinia sclerotiorum;Pathogen;Ascomycota;Leotiomycetes;Helotiales;Sclerotiniaceae;Sclerotinia;0;0;0;4;0;1;2;7;0;0;0;0;1;2;8;0;2;1;1;0;16;0;0;0;0;1;0;12;0;2;0;2;0;0;0;0;1;0;7;0;1;0;0;0;0;0;2;7;5;3;1;4;4;2;0;3;0;1;2;2;2;0;0;1;1;0;0;0;0;0;0;0;1;2;0;2;3;4;0;4;0;0;0;0;0;1;8;4;5;1;0;0;1;1;1;17;0;0;0;0;0;2;1;0;4;0;0;0;0;0;1;0;2;0;2;0;1;1;0;3;0;0;0;2;0;3;4;0;0;5;2;2;0;0;0;1;3;0;1;0;0;0;1;2;3;0;2;0;0;1;0;0;0;0;0;0;0;0;0;3;0;1;0;0;0;0;0;0;0;0;0;1;0;0;0;0;0;0;0;0;0;0
Botci1;13;Botrytis cinerea;Pathogen;Ascomycota;Leotiomycetes;Helotiales;Sclerotiniaceae;Botrytis;0;0;0;4;0;1;3;7;0;1;0;1;1;2;7;0;2;0;1;0;14;0;0;0;0;0;0;13;0;2;0;13;2;1;0;1;1;0;1;0;0;0;0;0;0;0;3;9;3;3;0;4;4;0;0;7;0;1;3;0;1;0;0;1;1;2;0;0;0;0;0;0;1;3;0;2;2;2;0;4;0;0;0;0;0;1;8;3;5;1;0;0;1;2;2;16;0;0;0;0;0;2;1;0;2;0;0;0;0;0;2;0;1;0;1;0;2;1;1;3;1;0;0;1;0;5;4;0;0;4;2;1;0;0;0;0;1;1;1;0;0;0;1;2;4;0;0;2;0;0;0;0;0;0;0;0;0;0;0;4;0;2;0;0;0;2;0;0;0;0;0;1;0;0;0;0;0;0;0;0;0;0
Maggr1;14;Magnaporthe grisea;Pathogen;Ascomycota;Sordariomycetes;Magnaporthales;Magnaporthaceae;Magnaporthe;3;0;1;5;1;3;4;5;0;0;1;1;2;4;18;0;4;3;1;0;17;0;0;2;0;1;0;46;0;2;0;0;0;3;0;2;0;0;14;1;1;0;0;8;1;4;4;13;1;3;0;2;3;1;2;11;0;0;2;2;0;0;0;0;3;0;0;0;0;0;0;0;2;3;0;6;5;3;0;3;0;0;0;0;0;0;12;3;8;3;0;1;0;0;2;2;1;0;0;0;0;1;2;0;0;0;1;0;1;0;15;0;1;0;4;0;1;1;1;4;4;0;0;0;1;0;2;1;0;1;2;1;2;0;0;0;2;1;0;1;0;1;1;4;2;0;4;1;0;1;0;0;0;0;0;0;0;0;0;0;0;1;0;0;0;1;0;0;0;0;0;0;0;0;0;0;0;0;0;1;1;0
Neucr_trp3_1;15;Neurospora crassa;Saprotroph;Ascomycota;Sordariomycetes;Sordariales;Sordariaceae;Neurospora;0;0;1;7;0;2;2;0;0;0;1;0;1;3;13;0;4;2;1;0;19;0;0;0;0;1;0;5;0;2;0;4;0;1;1;1;0;0;11;1;0;0;0;5;0;3;2;2;1;1;1;2;2;0;2;5;0;0;1;0;0;0;0;0;1;0;0;0;0;0;0;0;2;4;0;3;2;0;0;2;0;0;0;0;0;0;8;2;5;1;0;0;1;1;0;2;0;0;1;1;0;2;2;0;2;0;1;0;0;0;5;0;1;0;3;0;1;1;1;4;0;0;0;0;1;3;3;1;0;2;1;2;0;0;0;0;1;2;0;1;0;0;1;2;2;0;2;1;0;0;0;0;0;0;1;0;0;0;0;0;0;1;0;0;0;1;0;1;0;0;0;0;0;0;0;0;0;0;0;1;0;0
Trire2;16;Trichoderma reesei;Saprotroph;Ascomycota;Sordariomycetes;Hypocreales;Hypocreaceae;Trichoderma;3;0;0;0;0;0;0;1;0;0;1;0;0;0;2;0;2;1;0;0;13;0;0;0;0;0;0;4;0;0;0;0;1;0;0;2;2;0;12;0;0;0;0;2;0;0;1;2;0;0;1;2;7;0;4;5;1;0;2;1;0;0;0;1;0;0;1;0;0;0;0;0;1;1;0;1;2;2;0;1;0;0;0;0;0;0;6;2;12;3;0;1;1;0;4;4;0;0;2;1;2;2;0;0;1;0;1;0;1;0;1;0;1;0;2;0;0;0;2;6;1;0;1;1;1;1;5;1;3;1;1;3;1;0;0;2;6;0;2;0;0;0;0;2;3;0;0;0;0;0;0;0;0;0;0;0;0;0;0;0;0;0;0;0;0;0;0;0;0;0;0;2;0;0;0;0;0;0;0;2;0;0
Xylhyp1;17;Xylaria hypoxylon;Saprotroph;Ascomycota;Sordariomycetes;Xylariales;Xylariaceae;Xylaria;2;0;0;6;1;5;2;4;0;0;2;1;1;2;18;0;4;1;1;0;16;0;0;0;0;1;0;12;0;3;0;0;1;3;0;2;0;0;21;0;0;0;0;4;0;3;2;5;2;3;1;3;5;1;4;10;1;1;4;1;1;1;0;2;3;0;0;0;0;0;0;0;3;4;0;2;5;2;0;2;0;0;0;0;0;1;7;2;14;3;0;1;1;0;1;5;1;0;0;1;1;4;1;0;2;1;1;0;0;0;9;0;1;0;1;1;1;1;2;4;0;0;2;0;1;3;1;1;1;3;2;4;0;0;0;0;4;1;0;2;0;0;2;2;1;0;4;2;0;0;0;0;0;0;0;0;0;0;1;1;0;1;1;0;0;1;0;2;1;1;0;1;0;1;0;0;0;0;0;1;1;0
Cenge3;18;Cenococcum geophilum;Ectomycorrhizae;Ascomycota;Dothideomycetes;;Gloniaceae;Cenococcum;0;0;0;5;1;1;0;4;0;1;1;0;1;0;5;0;5;1;0;0;3;0;0;0;0;0;0;17;0;0;0;0;1;1;0;0;1;0;8;0;1;0;0;1;0;2;1;0;1;1;0;2;1;1;0;3;0;1;1;1;1;0;0;0;0;0;0;0;0;0;0;0;1;1;0;0;0;3;0;2;0;0;0;0;0;1;8;4;5;2;1;0;1;0;1;4;1;0;0;0;0;3;1;0;1;0;0;0;0;0;1;0;2;0;1;0;1;1;0;5;0;0;0;1;0;1;4;0;1;2;1;1;0;0;0;0;2;1;1;0;0;0;1;1;2;0;2;1;0;0;0;0;0;0;0;0;0;0;0;0;0;0;0;0;1;0;0;0;0;0;0;0;0;0;0;0;0;0;0;0;0;0
Glost2;19;Glonium stellatum;Saprotroph;Ascomycota;Dothideomycetes;;Gloniaceae;Glonium;1;0;1;13;5;3;2;12;0;1;0;1;2;5;16;0;4;2;0;0;13;0;0;0;0;2;0;15;0;2;0;0;1;3;0;0;0;0;8;2;0;0;0;5;0;0;1;1;1;1;1;3;0;3;1;5;1;0;5;2;4;0;0;1;1;0;0;0;0;0;0;0;2;3;0;3;2;2;0;1;0;0;0;0;0;3;8;4;3;2;0;0;0;0;3;9;0;0;0;0;1;4;1;0;4;0;0;0;1;0;5;0;3;0;2;0;2;1;0;2;0;0;0;1;1;1;3;0;1;4;3;3;0;0;0;1;3;1;1;1;0;1;1;1;3;0;3;0;0;1;0;0;0;0;0;0;0;0;0;1;0;0;0;0;0;0;0;0;0;0;0;0;0;0;0;0;0;0;0;0;0;0
Leppa1;20;Lepidopterella palustris;Saprotroph;Ascomycota;Dothideomycetes;Mytilinidiales;Argynnaceae;Lepidopterella;0;0;1;5;0;0;0;5;0;1;2;0;1;0;2;0;4;1;0;0;2;0;0;0;0;0;0;10;0;3;0;0;1;0;0;0;1;0;11;4;1;0;0;0;0;1;1;1;1;0;0;1;1;2;1;1;0;0;1;0;0;0;0;1;0;0;0;0;0;0;0;0;0;0;0;0;0;0;0;2;0;0;0;0;0;3;9;4;6;3;0;0;1;0;0;5;0;0;0;0;0;1;0;0;0;0;0;0;0;0;1;0;1;0;3;0;1;0;0;1;0;0;0;1;0;2;4;0;0;4;1;2;0;0;0;0;1;1;0;0;0;0;0;2;2;0;0;0;0;0;0;0;0;0;0;0;0;0;0;0;0;0;0;0;0;1;0;0;0;0;0;0;0;0;0;0;0;0;0;1;0;0
Stasp1;21;Stagonospora sp.;Pathogen;Ascomycota;Dothideomycetes;Pleosporales;Massarinaceae;Stagonospora;2;0;0;4;3;5;4;9;0;1;0;4;1;5;30;0;5;2;0;0;15;0;0;1;0;0;0;43;0;3;0;0;0;4;0;1;0;0;0;0;1;0;0;11;1;4;9;14;6;2;1;2;3;1;3;8;2;1;2;2;2;0;0;0;3;0;0;0;0;1;0;0;5;4;0;8;9;3;0;1;0;0;0;0;0;3;9;6;4;2;0;1;0;0;4;4;0;0;0;0;2;6;2;0;2;1;1;0;0;0;10;0;3;0;2;0;1;1;1;3;4;0;0;0;1;0;3;0;0;2;2;2;1;0;0;0;4;2;0;2;0;1;2;2;3;0;4;0;0;0;0;1;0;1;1;1;0;0;1;1;0;0;1;1;0;1;0;1;1;0;0;0;0;0;0;0;0;0;0;1;1;0
Altal1;22;Alternaria alternata;Pathogen;Ascomycota;Dothideomycetes;Pleosporales;Pleosporaceae;Alternaria;1;0;1;4;4;6;3;17;0;1;0;3;4;3;25;0;4;1;1;0;12;0;0;0;0;1;0;38;0;2;0;0;1;5;0;1;2;0;14;0;1;0;0;4;1;4;6;10;3;4;2;3;3;1;4;10;3;1;1;2;3;0;0;1;2;3;0;0;0;0;0;0;3;3;0;5;5;5;0;1;0;0;0;0;0;0;9;7;5;3;0;0;0;1;3;8;0;0;0;0;2;2;3;0;4;1;1;0;0;0;13;0;3;0;4;0;1;1;1;3;1;0;0;0;1;0;4;0;0;3;5;3;1;0;0;0;4;2;1;1;0;2;3;3;3;0;4;0;0;0;0;0;0;0;1;1;0;0;1;5;0;3;0;1;0;7;0;2;1;1;0;0;0;1;0;0;0;0;0;0;1;0
Aurpu_var_pul1;23;Aureobasidium pullulans;Saprotroph;Ascomycota;Dothideomycetes;Dothideales;Saccotheciaceae;Aureobasidium;1;0;1;4;2;1;3;11;0;0;1;0;0;1;4;0;2;0;0;0;4;1;0;0;0;0;0;5;0;3;0;0;2;2;0;1;1;0;3;0;2;0;0;2;0;1;2;6;7;2;0;3;2;3;2;11;0;0;2;3;3;0;0;0;1;8;0;0;0;0;0;0;0;1;1;3;3;1;0;2;0;0;0;0;0;1;11;3;4;1;0;0;0;0;1;11;1;0;0;0;0;4;3;0;3;1;0;0;0;1;21;0;3;0;1;1;2;2;1;2;1;0;1;1;1;2;4;0;0;3;4;3;1;0;0;0;1;2;1;1;0;0;1;2;4;0;1;0;0;0;0;0;0;0;0;0;0;0;0;3;0;1;0;1;0;1;0;1;1;2;0;0;0;0;0;0;0;0;0;0;1;0
Clafu1;24;Cladosporium fulvum;Pathogen;Ascomycota;Dothideomycetes;Capnodiales;Mycosphaerellaceae;Passalora;1;0;0;8;2;1;2;6;0;1;0;1;3;1;2;0;5;2;0;0;0;0;0;0;0;0;1;5;0;3;0;0;1;2;0;1;1;0;3;1;1;0;0;2;0;0;0;9;1;1;0;5;3;2;2;12;1;0;2;1;3;0;0;0;1;2;1;0;0;0;0;0;0;2;0;1;1;4;0;2;0;0;0;0;0;1;6;4;6;2;0;0;0;0;1;9;0;0;0;0;0;5;0;0;4;1;1;0;0;1;15;0;0;0;3;0;1;1;1;3;0;0;3;1;1;1;5;0;1;3;1;3;1;0;0;0;3;2;0;3;0;1;1;1;2;1;0;1;0;0;0;0;0;0;0;0;0;0;0;0;0;1;0;1;0;2;0;1;1;0;0;0;0;0;0;0;0;0;0;0;1;0
Aspcl1;25;Aspergillus clavatus;Saprotroph;Ascomycota;Eurotiomycetes;Eurotiales;Aspergillaceae;Aspergillus;2;0;2;0;0;0;2;6;0;0;0;1;0;2;7;0;3;0;1;0;13;0;0;0;0;1;1;5;1;5;0;0;1;1;0;1;3;0;15;0;1;0;0;5;0;0;2;3;5;1;0;2;3;1;2;4;0;0;2;2;1;0;0;0;0;0;0;0;0;0;0;0;2;3;0;2;1;3;0;4;0;0;0;0;0;4;8;3;6;2;0;0;2;0;2;1;0;0;1;0;1;3;1;0;2;0;0;0;1;0;8;0;0;0;3;0;2;0;1;3;2;0;0;1;1;3;5;1;2;2;0;0;0;0;0;1;3;0;1;2;0;0;1;1;1;0;1;1;2;0;0;0;0;0;0;0;0;0;0;2;0;0;0;0;0;1;0;1;1;0;0;0;0;0;0;0;0;0;0;2;0;0
Aspfl1;26;Aspergillus flavus;Pathogen;Ascomycota;Eurotiomycetes;Eurotiales;Aspergillaceae;Aspergillus;5;0;0;1;0;2;2;9;1;0;0;2;0;3;7;0;4;0;1;0;4;0;0;0;0;0;1;2;1;1;0;2;2;1;0;1;3;1;11;0;1;0;0;3;0;2;0;6;4;3;0;2;2;1;3;13;0;1;1;1;1;0;0;2;1;1;0;1;0;0;0;0;1;3;0;4;4;5;0;2;1;0;0;1;0;1;8;3;6;3;0;2;0;1;1;20;0;0;0;0;0;5;0;0;4;1;0;0;0;0;15;0;0;0;1;0;3;2;1;3;2;0;0;1;1;4;4;0;3;4;3;4;0;0;0;0;4;2;2;2;0;0;2;1;2;0;3;1;3;1;1;0;1;0;1;0;0;0;2;7;0;2;0;0;0;3;0;1;0;1;0;1;0;1;0;0;0;0;0;1;0;1
Artbe1;27;Arthroderma benhamiae;Pathogen;Ascomycota;Eurotiomycetes;Onygenales;Arthrodermataceae;Trichophyton;0;0;0;1;0;0;0;0;0;1;0;0;0;0;0;0;4;0;0;0;0;0;0;0;0;0;0;2;0;1;0;0;1;0;0;0;2;0;9;0;0;0;0;0;0;0;3;1;0;0;0;0;1;0;1;2;0;0;0;0;1;0;0;0;0;0;0;0;0;0;0;0;0;0;0;0;0;0;0;0;0;0;0;0;0;1;3;1;2;0;0;2;1;0;0;0;0;0;0;0;0;2;0;1;0;0;0;0;0;0;1;0;0;0;3;0;0;0;0;1;0;0;0;1;0;0;2;0;1;1;0;0;1;0;0;0;2;0;0;0;0;0;0;0;1;0;0;0;0;0;0;0;0;0;0;0;0;0;0;0;0;0;0;0;0;0;0;0;0;0;0;0;0;0;0;0;0;0;0;0;0;0
Usnflo1;28;Usnea florida;Endophyte;Ascomycota;Lecanoromycetes;Lecanorales;Parmeliaceae;Usnea;2;0;1;4;0;0;1;9;0;0;1;2;1;0;0;0;3;3;0;0;0;0;0;0;0;0;0;7;0;1;0;0;3;0;0;0;0;0;7;1;0;0;0;0;0;0;0;1;0;0;0;0;4;0;1;1;0;0;1;0;1;0;0;1;0;0;0;0;0;0;0;0;0;0;0;0;0;5;0;1;0;0;0;0;0;1;4;4;2;1;0;0;1;1;1;3;0;1;0;0;0;1;0;0;0;0;0;0;0;0;0;0;1;0;3;0;0;0;0;2;0;1;0;1;0;3;1;0;0;3;0;0;1;0;0;0;0;1;0;0;0;0;0;2;7;0;0;1;0;1;0;0;0;0;0;0;0;0;0;0;0;0;0;0;0;0;0;0;0;0;0;0;0;0;0;0;0;0;0;0;0;0
Xylhe1;29;Xylona heveae;Endophyte;Ascomycota;Xylonomycetes;Xylonomycetales;Xylonomycetaceae;Xylona;2;0;0;2;0;0;0;2;0;1;0;0;0;0;1;0;3;0;0;0;0;0;0;0;0;0;0;5;0;1;0;7;1;0;1;0;1;0;10;0;0;0;0;0;0;0;0;0;0;0;0;0;0;0;0;2;0;0;0;0;1;0;0;0;0;0;0;0;0;0;0;0;0;0;0;0;0;0;0;3;0;0;0;0;0;2;2;2;4;1;0;0;1;0;0;0;0;0;0;0;0;3;4;0;0;0;0;0;0;0;0;0;0;0;0;0;0;0;0;1;0;0;0;1;0;4;3;0;0;0;0;0;0;0;0;0;0;0;0;0;0;0;0;1;2;0;0;2;0;0;0;0;0;0;0;0;0;0;0;0;0;0;0;0;0;0;0;0;0;0;0;0;0;0;0;0;0;0;0;0;0;0
Tubma1;30;Tuber magnatum;Ectomycorrhizae;Ascomycota;Pezizomycetes;Pezizales;Tuberaceae;Tuber;0;0;1;2;0;0;1;2;0;1;0;0;1;0;1;0;8;0;0;0;0;0;0;0;0;0;0;12;0;0;0;0;1;0;0;0;1;0;3;2;0;0;0;0;0;0;3;1;1;2;0;1;0;1;0;1;0;0;1;0;1;0;0;0;0;0;0;0;0;0;0;0;2;0;0;1;0;1;0;0;0;0;0;0;0;1;3;2;2;1;0;1;1;0;0;1;0;0;0;0;0;2;1;0;0;0;0;0;0;0;1;0;0;0;0;0;1;0;0;2;0;0;0;1;0;0;3;0;0;0;1;0;0;0;0;0;0;0;0;0;0;0;0;1;1;0;1;1;0;0;0;0;0;0;0;0;0;0;0;0;0;0;0;0;0;0;0;1;0;0;0;0;0;0;0;0;0;0;0;0;0;0
Tubae1;31;Tuber aestivum;Ectomycorrhizae;Ascomycota;Pezizomycetes;Pezizales;Tuberaceae;Tuber;0;0;1;4;0;0;1;2;0;1;0;0;1;0;2;0;10;1;0;0;2;0;0;0;0;0;0;18;0;0;0;0;1;0;0;0;1;0;0;3;0;0;0;0;0;0;5;1;0;2;0;1;2;1;0;1;0;0;1;0;0;0;0;0;0;0;0;0;0;0;0;0;1;0;0;1;0;1;0;1;0;0;0;0;0;1;2;1;2;1;0;0;1;0;0;2;0;0;0;0;0;2;1;0;0;0;0;0;0;0;0;0;0;0;1;0;0;0;0;1;0;0;0;1;0;0;3;0;0;1;1;0;0;0;0;0;0;0;0;0;0;0;0;0;1;0;1;1;0;0;0;0;0;0;0;0;0;0;0;1;0;0;0;0;0;0;0;1;0;0;0;0;0;0;0;1;0;0;0;0;0;0
Tubme1v2;32;Tuber melanosporum;Ectomycorrhizae;Ascomycota;Pezizomycetes;Pezizales;Tuberaceae;Tuber;0;0;1;2;0;0;1;3;0;1;0;0;0;0;3;0;9;1;0;0;1;0;0;0;0;0;0;14;0;0;0;0;0;0;0;0;1;0;1;2;0;0;0;0;0;0;5;0;1;1;0;1;2;1;0;2;0;0;1;0;1;0;0;0;0;0;0;0;0;0;0;0;0;0;0;0;0;1;0;2;0;0;0;0;0;1;4;2;3;2;0;1;1;0;0;2;0;0;0;0;0;2;1;0;0;0;0;0;0;0;1;0;1;0;2;0;0;0;0;2;0;0;0;0;0;0;2;0;0;0;1;0;0;0;0;0;0;0;0;0;0;0;0;1;1;0;1;1;0;0;0;0;0;0;0;0;0;0;0;1;0;1;0;0;0;0;0;1;0;0;0;0;0;0;0;0;0;0;0;0;0;0
Tubbor1;33;Tuber borchii;Ectomycorrhizae;Ascomycota;Pezizomycetes;Pezizales;Tuberaceae;Tuber;0;0;1;2;0;0;0;1;0;1;0;0;0;0;3;0;10;0;0;0;1;0;0;0;0;0;0;15;0;0;0;0;1;0;0;0;1;0;0;3;0;0;0;0;0;0;4;0;1;3;0;0;2;1;0;2;0;0;1;0;1;0;0;1;0;0;0;0;0;0;0;0;0;0;0;0;0;1;0;1;0;0;0;0;0;1;2;4;2;2;0;1;1;0;0;2;0;0;0;0;0;2;1;0;0;0;0;0;0;0;1;0;0;0;1;0;0;0;0;2;0;0;0;1;0;0;2;0;0;1;1;0;0;0;0;0;0;0;0;0;0;0;0;1;1;0;1;1;0;0;0;0;0;0;0;0;0;0;0;0;0;0;0;0;0;0;0;1;0;0;0;0;0;0;0;0;0;0;0;0;0;0
Chove1;34;Choiromyces venosus;Ectomycorrhizae;Ascomycota;Pezizomycetes;Pezizales;Tuberaceae;Choiromyces;0;0;1;2;0;0;1;1;0;1;0;0;0;1;8;0;13;1;0;0;4;0;0;0;0;0;0;14;0;0;1;0;1;0;0;0;1;0;2;1;0;0;0;0;0;0;4;4;2;5;0;1;0;1;0;5;1;1;0;1;1;0;0;2;0;0;0;0;0;0;0;0;2;0;0;0;0;0;0;1;0;0;0;0;1;1;5;4;3;1;0;1;1;0;1;2;0;0;0;0;0;2;1;0;4;0;0;0;0;0;4;0;1;0;1;0;1;1;0;3;0;0;0;1;0;0;2;1;1;0;2;0;2;0;0;0;0;0;0;1;0;0;1;1;1;0;1;1;0;0;0;0;0;0;0;0;0;0;0;0;0;1;0;0;2;1;0;2;1;0;0;0;0;0;0;0;0;0;0;0;0;0
Morco1;35;Morchella importuna.C;Saprotroph;Ascomycota;Pezizomycetes;Pezizales;Morchellaceae;Morchella;0;0;0;1;0;0;1;4;0;1;0;0;0;1;22;0;7;1;0;0;16;0;0;0;0;0;0;12;0;0;2;0;0;5;0;0;1;0;0;2;0;0;0;2;0;0;5;5;2;3;0;2;2;1;0;5;0;2;0;2;0;0;0;2;1;0;0;0;0;0;0;0;3;2;0;2;0;1;0;2;0;0;0;0;1;1;6;4;1;2;0;0;0;2;7;4;0;0;0;0;0;3;1;0;3;0;0;0;0;0;9;0;1;0;2;0;4;1;0;2;0;0;0;0;0;1;3;1;2;2;1;2;0;0;1;0;0;1;1;0;1;0;2;1;1;0;2;2;1;0;0;0;0;0;0;1;0;2;1;0;0;4;1;0;0;3;0;4;1;1;0;0;0;0;0;0;0;0;0;0;0;0
Morimp1;36;Morchella importuna;Saprotroph;Ascomycota;Pezizomycetes;Pezizales;Morchellaceae;Morchella;0;0;0;2;0;0;1;4;0;1;0;0;0;1;19;0;6;1;0;0;16;0;0;0;0;0;0;14;0;0;2;0;1;5;0;0;1;0;1;2;0;0;0;2;0;0;6;6;1;3;0;3;3;1;0;4;0;2;0;2;0;0;0;2;1;0;0;0;0;0;0;0;3;2;0;2;0;1;0;2;0;0;0;0;1;1;6;4;2;2;0;0;0;2;6;4;0;0;0;0;0;3;1;0;3;0;0;0;0;0;11;0;1;0;2;0;4;1;0;2;0;0;0;1;0;1;3;1;1;2;1;1;0;0;1;0;0;1;2;0;1;0;2;1;1;0;2;2;1;0;0;0;1;0;0;1;0;3;1;0;0;3;1;0;0;3;0;5;1;0;0;0;0;0;0;0;0;0;0;0;0;0
Gyresc1;37;Gyromitra esculenta;Saprotroph;Ascomycota;Pezizomycetes;Pezizales;Discinaceae;Gyromitra;0;0;0;2;0;0;1;2;0;1;0;0;0;1;24;0;5;1;0;0;18;0;0;0;0;0;0;21;0;0;2;0;0;4;0;0;0;0;5;2;0;0;0;1;0;1;5;3;2;2;1;3;3;1;0;4;0;2;1;3;1;0;0;2;1;0;0;0;0;0;0;0;2;2;0;4;0;1;0;2;0;0;0;0;1;2;4;4;1;1;0;0;1;2;4;4;0;0;0;0;0;2;1;0;3;0;0;0;2;0;10;0;0;0;1;0;4;0;0;2;0;0;0;0;0;1;2;1;1;0;0;1;0;0;1;0;0;1;1;1;0;0;0;0;1;0;2;1;1;0;0;0;0;0;0;1;0;2;1;1;0;5;0;0;0;4;0;4;1;1;0;0;0;0;0;0;0;0;0;0;0;0
Calful1;38;Caloscypha fulgens;Saprotroph;Ascomycota;Pezizomycetes;Pezizales;Caloscyphaceae;Caloscypha;0;0;0;1;0;0;2;2;0;1;0;0;1;1;12;0;7;0;0;0;6;0;0;0;0;0;0;17;0;0;0;0;0;1;0;0;1;0;0;2;0;0;1;0;0;0;6;3;3;2;0;1;1;1;0;4;0;1;1;1;0;0;0;1;0;0;0;0;0;0;0;0;2;0;0;2;0;0;0;1;0;0;0;0;0;1;4;2;0;2;0;0;0;0;2;2;0;0;0;0;0;1;1;0;2;0;0;0;1;0;2;0;0;0;1;0;1;0;0;2;0;0;0;1;0;0;3;1;1;1;2;0;1;0;0;0;0;0;0;1;0;0;1;1;0;0;2;1;0;0;0;0;0;0;0;0;0;1;1;1;0;3;0;0;0;0;0;2;1;0;0;0;0;0;0;0;0;0;0;0;0;0
Wilmi1;39;Wilcoxina mikolae;Ectomycorrhizae;Ascomycota;Pezizomycetes;Pezizales;Pyronemataceae;Wilcoxina;0;0;0;2;1;0;2;5;0;1;0;0;1;0;2;0;3;0;0;0;2;0;0;0;0;0;2;8;0;0;1;0;0;1;0;0;0;0;16;2;0;0;0;0;0;0;2;2;1;3;0;2;2;0;0;3;0;0;0;0;0;0;0;1;0;0;0;0;0;0;0;0;2;0;0;1;0;0;0;1;0;0;0;0;1;1;4;4;0;1;0;1;0;0;3;0;0;0;0;0;0;2;1;0;0;0;0;0;0;0;2;0;0;0;1;0;1;0;0;1;0;0;0;0;0;0;2;0;0;0;0;0;0;0;0;0;1;0;0;0;0;0;1;0;2;0;2;2;0;0;0;0;0;0;0;0;0;1;0;1;0;1;0;0;0;1;0;1;1;0;0;0;0;0;0;0;0;0;0;0;0;0
Trihyb1;40;Trichophaea hybrida;Ectomycorrhizae;Ascomycota;Pezizomycetes;Pezizales;Pyronemataceae;Trichophaea;0;0;1;3;0;0;2;3;0;1;1;0;1;0;3;0;4;0;0;0;1;0;0;0;0;0;3;12;0;0;1;0;1;1;0;0;0;0;12;2;0;0;0;0;0;0;4;1;1;3;0;2;4;0;0;3;0;0;0;0;1;0;0;1;0;0;0;0;0;0;0;0;0;0;0;0;0;0;0;1;0;0;0;0;1;1;0;4;1;1;0;1;0;0;2;0;0;0;0;0;0;1;1;0;0;0;0;0;0;0;2;0;0;0;2;0;0;0;0;2;0;0;0;1;0;0;1;0;0;0;0;0;0;0;0;0;0;0;0;0;0;0;0;0;2;0;2;2;0;0;0;0;0;0;0;0;0;0;0;0;0;1;0;0;0;0;0;1;0;0;0;0;0;0;0;0;0;0;0;0;0;0
Pyrco1;41;Pyronema confluens;Saprotroph;Ascomycota;Pezizomycetes;Pezizales;Pyronemataceae;Pyronema;0;0;0;1;1;0;1;5;0;1;0;0;2;1;10;0;6;0;0;0;6;0;0;0;0;0;11;14;0;0;0;0;0;2;0;0;1;0;0;2;0;0;0;1;0;1;3;9;0;1;0;1;4;0;0;3;0;1;1;1;1;0;0;1;0;0;0;0;0;0;0;0;1;2;0;2;0;1;0;1;0;0;0;0;0;2;8;2;3;1;0;2;0;1;1;1;0;0;0;0;0;3;1;0;1;0;0;0;0;0;3;0;0;0;3;0;1;0;0;1;0;0;0;0;0;1;3;0;1;2;0;0;1;0;0;0;0;0;0;0;0;0;1;1;2;0;1;5;1;0;0;0;0;0;0;1;0;1;0;0;0;1;0;0;0;2;0;1;0;0;0;0;0;0;0;0;0;0;0;0;0;0
Sarco1;42;Sarcoscypha coccinea;Saprotroph;Ascomycota;Pezizomycetes;Pezizales;Sarcoscyphaceae;Sarcoscypha;1;0;0;2;0;0;3;6;0;1;0;1;4;2;18;0;5;1;0;0;14;0;0;0;0;0;0;9;0;0;0;0;1;1;0;0;1;0;1;4;1;0;0;1;0;1;1;5;3;1;1;1;6;1;1;7;0;0;0;2;2;0;0;2;0;0;0;0;0;1;0;0;1;2;0;2;0;2;0;2;0;0;0;0;0;3;10;2;4;1;0;0;1;0;3;6;0;0;0;0;0;1;0;0;3;0;0;0;0;0;10;0;2;0;2;0;1;1;0;1;0;0;0;1;0;3;3;0;1;2;2;3;2;0;1;0;2;1;1;1;0;0;1;1;2;0;1;3;0;0;0;0;0;0;0;1;0;1;1;1;0;2;0;0;0;2;0;2;1;1;1;0;0;1;0;0;0;0;0;0;0;0
Kalpfe1;43;Kalaharituber pfeilii;Ectomycorrhizae;Ascomycota;Pezizomycetes;Pezizales;Pezizaceae;Kalaharituber;1;0;0;0;0;0;2;1;0;1;0;0;2;2;7;0;6;1;0;0;8;0;0;0;0;0;0;10;0;0;1;0;1;1;0;0;0;0;12;3;0;0;0;0;0;0;1;2;1;0;0;1;2;1;0;2;0;1;0;0;1;0;0;0;0;0;0;0;0;0;0;0;0;1;0;1;1;0;0;0;0;0;0;0;1;2;3;3;3;0;0;0;0;1;1;0;0;0;0;0;0;1;0;0;1;0;0;0;0;0;1;0;1;0;0;0;0;0;0;0;0;1;0;1;0;1;2;1;0;0;0;0;0;0;0;0;0;0;0;0;0;0;0;0;1;0;1;2;0;0;0;0;0;0;0;1;0;1;0;0;0;0;0;0;0;1;0;1;0;0;0;0;0;0;0;0;0;0;0;0;0;0
Terbo2;44;Terfezia boudieri;Ectomycorrhizae;Ascomycota;Pezizomycetes;Pezizales;Pezizaceae;Terfezia;0;0;0;0;0;0;0;1;0;1;0;0;1;0;2;0;6;0;0;0;3;0;0;0;0;0;0;9;0;0;0;0;1;0;0;0;0;0;0;0;0;0;0;0;0;0;2;1;1;1;0;2;1;0;0;1;0;0;1;1;1;0;0;0;0;0;0;0;0;0;0;0;0;1;0;0;0;0;0;0;0;0;0;0;0;1;2;4;1;1;0;1;0;0;0;1;0;0;0;0;0;0;1;0;0;0;0;0;0;0;1;0;0;0;0;0;0;0;0;1;0;1;0;1;0;1;3;1;0;0;0;0;0;0;0;0;0;0;0;0;0;0;0;1;0;0;0;0;0;0;0;0;0;0;0;0;0;0;0;0;0;0;0;0;0;0;0;1;0;0;0;0;0;0;0;0;0;0;0;0;0;0
Ascim1;45;Ascobolus immersus;Saprotroph;Ascomycota;Pezizomycetes;Pezizales;Ascobolaceae;Ascobolus;1;0;0;2;0;2;1;14;0;1;0;0;3;3;29;0;2;3;0;0;38;0;0;0;0;0;0;22;0;0;1;0;0;2;0;0;1;0;10;2;1;0;0;8;0;8;6;13;1;1;3;3;1;0;0;2;0;0;2;1;2;0;0;0;0;0;0;0;0;0;0;0;4;5;0;5;2;0;0;0;0;0;0;0;1;2;8;5;5;1;0;0;1;1;0;0;0;0;0;0;2;1;0;0;0;0;0;0;0;0;3;0;0;0;6;0;1;1;0;1;0;0;0;1;0;0;1;1;0;0;0;0;1;0;1;0;0;0;0;0;0;0;2;1;0;0;3;2;1;0;0;0;0;0;0;1;0;0;0;0;0;1;0;0;0;1;0;1;0;0;0;0;0;0;0;0;0;0;0;0;0;0
Monha1;46;Monacrosporium haptotylum;Parasite;Ascomycota;Orbiliomycetes;Orbiliales;Orbiliaceae;Dactylellina;2;0;0;1;0;1;0;5;0;0;0;0;4;0;21;0;2;2;0;0;98;0;0;1;0;2;0;5;0;0;6;2;0;1;0;0;0;0;17;0;0;0;0;5;0;0;1;8;5;2;1;6;4;1;0;3;0;2;4;3;1;0;0;0;0;0;0;1;0;0;0;0;2;4;0;5;5;1;0;0;0;0;0;0;1;2;7;5;6;1;0;0;0;1;3;17;0;0;0;1;1;1;0;0;4;0;0;0;0;0;4;0;3;0;1;0;1;1;1;4;2;0;0;0;0;1;3;3;1;3;1;0;0;0;0;0;0;0;0;0;0;1;0;0;1;0;2;1;0;2;0;0;1;0;0;0;0;5;1;1;0;2;1;1;0;5;0;2;1;1;0;0;0;1;1;0;0;0;0;0;0;0
Artol1;47;Arthrobotrys oligospora;Parasite;Ascomycota;Orbiliomycetes;Orbiliales;Orbiliaceae;Arthrobotrys;0;0;0;0;0;1;1;4;0;1;0;0;2;1;22;0;3;3;1;0;100;0;0;0;0;1;0;22;0;1;1;6;1;1;0;0;1;0;35;0;0;0;0;6;0;0;0;4;5;2;1;7;2;0;0;3;0;1;5;4;1;0;0;0;0;0;0;1;0;0;0;0;2;5;0;4;3;1;0;0;0;0;0;0;0;2;9;4;12;1;0;0;0;1;2;7;0;0;0;0;1;0;0;0;2;0;0;0;0;0;5;0;4;0;1;0;0;1;1;5;1;0;0;1;0;3;3;3;1;3;1;1;0;0;0;0;0;0;0;0;0;1;1;0;1;0;2;1;1;1;0;0;0;0;0;0;0;5;1;0;0;0;1;0;0;3;0;1;0;0;0;0;0;1;0;0;0;0;0;0;0;0
Wican1;48;Wickerhamomyces anomalus;Yeast;Ascomycota;Saccharomycetes;Saccharomycetales;Phaffomycetaceae;Wickerhamomyces;0;0;0;0;0;0;0;0;0;0;0;0;0;0;0;0;0;0;0;0;0;0;0;0;0;0;0;1;1;0;1;0;0;0;0;0;1;0;0;0;0;0;0;0;0;0;0;0;0;0;0;0;0;0;0;2;0;0;0;0;2;0;0;0;0;0;0;0;0;0;0;0;0;0;0;0;0;0;0;0;0;0;0;0;0;1;3;2;1;0;0;0;0;0;0;0;0;0;0;0;0;1;2;0;0;0;0;0;0;0;0;0;0;0;0;0;0;0;0;0;0;1;0;1;0;0;3;0;0;1;0;0;0;0;0;0;0;0;0;0;0;0;0;0;0;0;0;2;0;0;0;0;0;0;0;0;0;0;0;0;0;0;0;0;0;0;0;0;0;0;0;0;0;0;0;0;0;0;0;0;0;0
SacceM3837_1;49;Saccharomyces cerevisiae;Yeast;Ascomycota;Saccharomycetes;Saccharomycetales;Saccharomycetaceae;Saccharomyces;0;0;1;0;0;0;0;0;0;0;0;0;0;0;0;0;0;0;0;0;0;0;0;0;0;0;0;2;1;0;0;0;0;0;0;0;1;0;0;0;0;0;0;0;0;0;1;0;0;0;0;0;0;0;0;0;0;0;0;0;2;0;0;0;0;0;0;0;0;0;0;0;0;0;0;0;0;0;0;0;0;0;0;0;0;1;3;4;1;0;0;0;0;0;1;1;0;0;0;0;0;0;1;0;0;0;0;0;0;0;0;0;0;0;0;0;0;0;0;0;0;0;0;0;0;0;3;0;0;0;0;0;1;0;0;0;0;0;0;0;0;0;0;0;0;0;0;5;0;0;0;0;0;0;0;0;0;0;0;0;0;0;0;0;0;0;0;0;0;0;0;0;0;0;0;0;0;0;0;0;0;0
Canta1;50;Candida tanzawaensis;Yeast;Ascomycota;Saccharomycetes;Saccharomycetales;Debaryomycetaceae;;1;0;0;0;0;0;0;0;0;0;0;0;0;0;0;0;0;0;0;0;0;0;0;0;0;0;0;0;0;0;0;0;0;0;0;0;1;0;0;0;0;0;0;0;0;0;1;0;0;0;0;0;0;1;0;0;0;0;0;0;1;0;0;0;0;0;0;0;0;0;0;0;0;0;0;0;0;0;0;0;0;0;0;0;0;1;3;3;0;0;0;0;0;0;0;0;0;0;0;0;0;0;0;0;0;0;0;0;0;0;0;0;0;0;0;0;0;0;0;0;0;0;0;1;0;0;3;0;0;2;0;0;1;0;0;0;1;0;0;0;0;0;0;1;0;0;0;1;0;0;0;0;0;0;0;0;0;0;0;0;0;0;0;0;0;0;0;0;0;0;0;0;0;0;0;0;0;0;0;0;0;0
Tapde1_1;51;Taphrina deformans;Pathogen;Ascomycota;Taphrinomycetes;Taphrinales;Taphrinaceae;Taphrina;0;0;0;0;0;0;0;0;0;0;0;0;0;0;0;0;0;0;0;0;0;0;0;0;0;0;0;0;1;0;0;0;0;0;0;0;0;0;1;1;0;0;0;0;0;0;0;0;1;0;0;0;0;0;0;2;0;0;0;0;1;0;0;0;0;1;0;0;0;0;0;0;0;0;0;1;0;1;0;0;0;0;0;0;0;1;3;2;1;1;0;0;0;0;0;0;0;0;1;0;0;0;0;0;0;0;1;0;0;0;0;0;0;0;2;0;0;0;0;0;0;0;0;0;0;0;2;0;0;0;0;0;1;0;0;0;0;0;0;0;0;1;0;1;2;0;0;1;0;2;0;0;0;0;0;0;0;0;0;0;0;0;0;0;0;0;0;0;0;0;0;0;0;0;0;0;0;0;0;0;0;0
Lacam2;52;Laccaria amethystina;Ectomycorrhizae;Basidiomycota;Agaricomycetes;Agaricales;Tricholomataceae;Laccaria;0;5;0;0;1;0;0;8;0;0;4;0;0;0;2;0;0;0;0;0;1;0;0;0;0;4;0;0;0;1;0;0;0;0;0;0;0;1;2;0;0;0;0;0;0;0;7;0;2;0;0;0;15;0;0;1;0;0;1;0;2;0;0;2;0;0;0;0;1;0;0;0;0;0;0;0;0;2;0;1;0;0;0;0;0;1;10;0;5;1;1;1;0;0;0;2;0;1;0;0;0;2;0;0;0;0;1;0;0;0;0;0;0;0;3;0;0;0;0;1;0;1;0;0;0;3;0;0;0;0;0;4;0;0;1;0;1;0;0;0;0;0;0;0;6;0;1;0;0;0;0;0;0;0;0;0;0;0;0;0;0;0;0;0;0;0;0;0;0;0;0;0;1;0;0;1;0;0;1;0;0;0
Lacbi2;53;Laccaria bicolor;Ectomycorrhizae;Basidiomycota;Agaricomycetes;Agaricales;Tricholomataceae;Laccaria;1;9;1;0;1;0;0;6;0;0;3;0;0;0;4;0;0;0;0;0;1;0;0;0;0;4;0;0;0;0;0;0;0;0;0;0;0;1;0;1;0;0;0;0;0;0;6;1;4;0;0;0;11;0;1;0;0;0;1;0;3;0;0;2;0;0;0;0;1;0;0;0;0;0;0;0;0;1;0;2;0;0;0;0;0;0;13;0;4;0;1;2;0;0;1;2;0;2;5;0;0;3;0;0;0;0;1;0;0;0;0;0;0;0;4;0;0;0;0;1;0;1;0;0;0;3;0;0;0;0;0;6;0;0;1;0;1;0;1;0;0;0;0;0;3;0;0;0;0;0;0;0;0;0;0;0;0;0;0;0;0;0;0;0;0;0;0;0;0;0;0;0;1;0;0;1;0;1;1;0;0;0
Copci1;54;Coprinopsis cinerea;Saprotroph;Basidiomycota;Agaricomycetes;Agaricales;Psathyrellaceae;Coprinopsis;0;17;0;0;1;0;1;26;0;0;2;0;0;5;28;0;0;5;0;0;30;0;3;0;0;12;0;0;0;3;1;0;0;1;0;0;2;0;4;0;0;0;0;3;0;3;12;6;0;0;15;2;12;0;0;1;0;0;1;3;2;0;0;1;0;0;0;0;2;0;1;0;5;6;0;6;6;1;0;1;0;0;0;0;1;3;8;2;7;2;0;4;0;0;0;2;0;0;1;0;1;1;0;0;0;0;1;0;0;0;2;1;1;0;1;0;0;1;0;0;2;0;0;0;0;1;2;0;0;0;0;5;0;0;1;0;3;0;0;0;0;0;1;1;2;0;2;0;0;0;0;0;0;0;0;1;0;0;0;0;0;1;0;0;0;2;0;2;0;0;0;0;0;0;0;0;0;2;1;0;0;0
Copmic2;55;Coprinellus micaceus;Saprotroph;Basidiomycota;Agaricomycetes;Agaricales;Psathyrellaceae;Coprinellus;0;17;0;0;3;0;1;31;0;0;3;0;2;5;38;0;0;6;0;0;44;0;3;0;0;11;0;2;0;1;0;0;0;1;0;0;1;0;4;0;0;0;0;1;0;12;12;2;0;1;9;1;14;0;0;2;0;0;2;3;2;1;0;1;0;0;0;0;0;0;1;0;2;7;0;4;6;0;0;1;0;0;2;0;0;1;15;7;5;2;1;3;2;0;0;6;0;0;3;0;1;2;0;0;2;0;1;0;0;0;2;1;0;0;2;0;1;1;0;2;3;0;0;0;0;2;1;1;0;0;0;6;0;0;1;0;2;0;0;0;0;0;1;0;3;0;1;0;0;0;0;0;0;0;0;1;0;0;0;1;0;0;0;0;0;1;0;2;0;0;0;0;2;0;0;0;0;2;1;0;0;0
Hypsu1;56;Hypholoma sublateritium;Wood decayer;Basidiomycota;Agaricomycetes;Agaricales;Strophariaceae;Hypholoma;0;9;0;0;14;8;1;16;0;0;5;0;1;1;12;2;0;1;0;0;26;0;3;0;0;7;0;0;0;5;0;0;0;1;0;0;1;0;2;0;0;0;4;2;0;0;9;2;3;2;2;5;8;0;1;4;0;0;6;2;4;0;0;1;0;0;0;0;1;0;0;0;1;4;0;5;2;1;0;1;0;0;1;0;0;4;10;2;8;2;0;1;0;0;1;6;0;0;2;2;0;1;0;0;2;0;1;0;0;0;2;1;1;0;1;0;2;1;0;3;0;1;0;0;0;0;1;1;0;1;1;9;0;0;1;0;2;0;0;0;0;0;1;0;4;0;1;0;0;0;0;0;0;0;0;1;0;0;0;1;0;1;0;0;0;0;0;1;0;0;0;0;2;0;0;0;0;1;1;0;0;0
Hebcy2;57;Hebeloma cylindrosporum;Ectomycorrhizae;Basidiomycota;Agaricomycetes;Agaricales;Cortinariaceae;Hebeloma;0;2;0;0;3;0;0;10;0;0;3;0;1;0;1;0;0;0;0;0;2;0;3;0;0;7;0;0;0;3;0;0;0;0;0;0;0;0;0;0;0;0;0;0;0;0;7;3;1;1;0;1;8;0;0;1;0;0;1;0;3;0;0;2;0;0;0;0;2;0;0;0;0;1;0;1;0;0;0;1;0;0;1;0;0;2;10;1;6;0;1;3;1;0;0;3;0;0;3;0;0;3;0;1;0;0;1;0;0;0;2;0;0;0;2;0;0;1;0;2;0;1;0;0;0;1;0;0;0;0;0;3;0;0;1;0;2;0;0;0;0;0;0;1;4;0;0;0;0;0;0;0;0;0;0;0;0;0;0;0;0;0;0;0;0;0;0;0;0;0;0;0;1;0;0;0;0;1;1;0;0;0
Corgl3;58;Cortinarius glaucopus;Ectomycorrhizae;Basidiomycota;Agaricomycetes;Agaricales;Cortinariaceae;Cortinarius;0;5;1;0;9;0;0;10;0;0;4;0;2;0;2;0;0;0;0;0;3;0;1;0;0;6;0;2;0;3;0;0;0;0;0;0;0;0;8;0;0;0;0;0;0;0;7;0;3;0;0;2;10;0;0;2;0;0;1;1;4;0;0;2;0;0;0;0;1;0;0;0;0;0;0;2;0;1;0;0;0;0;1;0;0;3;8;1;6;1;2;0;4;0;1;2;0;0;2;0;0;4;0;0;0;0;1;0;0;0;0;0;2;0;3;0;1;0;0;2;0;1;0;0;0;1;0;0;0;0;0;2;0;0;0;0;1;0;1;0;0;0;0;1;3;0;1;0;0;0;0;0;0;0;0;0;0;0;0;0;0;0;0;0;0;0;0;0;0;0;0;0;0;0;0;0;0;0;1;0;0;0
Crula1;59;Crucibulum laeve;Saprotroph;Basidiomycota;Agaricomycetes;Agaricales;Nidulariaceae;Crucibulum;0;15;0;0;13;0;1;40;0;0;3;0;0;2;31;0;0;1;0;0;39;0;4;0;0;10;0;0;0;6;0;0;0;1;0;0;1;0;7;0;0;0;4;2;0;0;9;5;2;1;3;7;16;1;1;2;0;0;4;4;4;0;0;1;0;0;0;0;1;1;0;0;4;8;0;6;1;4;0;2;0;0;2;0;0;4;14;2;10;4;1;3;4;0;3;5;1;1;2;0;0;2;0;0;2;0;1;0;0;0;5;1;3;0;4;0;5;1;0;3;0;1;0;0;0;1;1;1;0;1;3;5;0;0;1;0;4;0;1;2;0;0;1;1;3;0;2;0;1;3;0;0;0;0;0;1;0;1;1;1;0;2;0;0;0;2;0;2;0;0;0;0;2;0;0;0;0;2;1;0;0;0
Trima3;60;Tricholoma matsutake;Ectomycorrhizae;Basidiomycota;Agaricomycetes;Agaricales;Tricholomataceae;Tricholoma;0;10;0;0;0;0;0;6;0;0;3;0;0;0;2;0;0;0;0;0;1;0;4;0;0;1;0;1;0;1;0;0;0;1;0;0;1;0;4;2;0;0;0;0;0;0;3;0;1;0;0;3;4;1;2;4;0;0;1;0;1;0;0;2;0;0;0;0;1;0;1;0;0;2;0;0;0;1;0;1;0;0;1;0;0;1;8;0;7;2;0;0;0;0;1;1;0;0;2;0;0;3;0;0;1;0;1;0;0;0;0;0;1;0;3;0;1;0;0;0;0;1;0;0;0;2;1;0;0;0;0;4;1;0;1;0;4;0;2;0;0;0;0;0;1;0;1;0;0;0;0;0;0;0;0;0;0;0;0;0;0;0;0;0;0;0;0;0;0;0;0;0;1;0;0;0;0;1;0;0;0;0
Amath1;61;Amanita thiersii;Saprotroph;Basidiomycota;Agaricomycetes;Agaricales;Amanitaceae;Amanita;0;10;0;0;0;0;0;3;0;0;4;0;3;0;12;0;0;0;0;0;8;0;4;0;0;3;0;1;0;2;0;0;0;2;0;0;1;0;2;0;0;0;4;1;0;0;5;2;2;3;1;3;5;1;1;5;1;0;1;1;3;0;0;2;0;0;0;0;1;0;1;0;1;1;0;3;0;3;0;1;0;0;1;0;0;1;10;3;13;3;1;3;4;0;3;4;0;1;1;0;0;2;0;0;1;0;1;0;0;0;6;1;2;0;2;0;1;1;0;0;0;1;0;0;0;0;1;1;0;1;3;3;0;0;1;0;4;0;0;1;0;0;2;1;1;0;1;0;0;0;0;0;0;0;0;1;0;0;0;0;0;1;0;0;0;0;0;1;0;0;0;0;1;0;0;1;0;1;1;0;0;0
Amamu1;62;Amanita muscaria;Ectomycorrhizae;Basidiomycota;Agaricomycetes;Agaricales;Amanitaceae;Amanita;0;12;0;0;0;0;0;2;0;0;2;0;3;0;2;0;0;0;0;0;0;0;3;0;0;4;0;1;0;1;0;0;0;0;0;0;1;0;2;0;0;0;4;0;0;0;5;0;0;0;0;4;8;0;0;1;0;0;0;0;4;0;0;1;0;0;0;0;1;0;0;0;0;0;0;0;0;0;0;0;0;0;1;0;0;1;10;1;11;2;1;0;3;0;1;0;0;0;1;0;0;1;0;0;1;0;0;0;0;0;2;0;0;0;3;0;0;0;0;1;0;1;0;0;0;1;1;0;0;0;0;3;1;0;0;1;1;0;1;0;0;0;0;1;1;0;0;0;0;0;0;0;0;0;0;0;0;0;0;0;0;0;0;0;0;0;0;0;0;0;0;0;1;0;0;0;0;0;1;0;0;0
Plucer1;63;Pluteus cervinus;Saprotroph;Basidiomycota;Agaricomycetes;Agaricales;Pluteaceae;Pluteus;0;9;0;0;12;0;1;5;0;0;3;0;0;2;23;0;0;6;0;0;24;0;5;0;1;9;0;3;0;3;0;0;0;1;0;0;0;0;7;0;0;0;2;2;0;1;9;0;2;0;3;3;9;1;0;4;2;0;2;3;2;1;0;2;0;0;0;0;4;0;0;0;2;4;0;6;0;0;0;2;0;0;1;0;0;2;6;3;10;2;1;1;1;0;1;5;0;0;1;0;0;3;0;0;1;0;1;0;0;0;4;1;2;0;2;0;1;1;0;2;0;1;0;0;0;1;0;1;0;5;1;2;0;0;1;0;2;0;1;2;0;0;1;1;3;0;4;0;0;0;0;0;0;0;0;1;0;1;0;0;0;1;0;0;0;1;0;0;0;0;0;0;2;0;0;1;0;1;1;0;0;0
Gyman1;64;Gymnopus androsaceus;Saprotroph;Basidiomycota;Agaricomycetes;Agaricales;Omphalotaceae;Gymnopus;1;23;0;0;9;0;0;23;0;0;11;0;0;1;5;0;0;0;0;0;29;0;4;0;0;1;0;0;0;3;0;0;0;2;0;0;1;0;9;2;0;0;11;2;0;0;5;5;4;2;1;8;12;3;0;9;0;0;3;3;4;1;0;2;0;0;0;0;1;1;0;0;0;8;0;7;3;4;0;5;0;0;2;0;0;2;13;0;7;3;0;0;0;0;6;18;2;1;4;0;0;4;1;0;6;0;0;0;1;0;3;1;2;0;7;0;1;2;4;3;0;1;0;1;1;6;1;1;0;0;5;5;0;0;1;0;4;2;1;0;0;0;1;1;2;0;2;0;0;4;0;0;0;0;0;0;0;1;0;0;0;0;0;0;0;0;0;0;1;0;0;5;0;0;0;0;0;0;1;0;0;0
Ompol1;65;Omphalotus olearius;Saprotroph;Basidiomycota;Agaricomycetes;Agaricales;Omphalotaceae;Omphalotus;0;3;0;0;4;1;1;9;0;0;7;0;0;2;9;0;0;0;0;0;12;0;1;0;0;1;0;0;0;1;0;0;0;1;0;0;0;0;2;0;0;0;2;2;0;0;3;0;3;1;0;2;11;1;1;2;0;0;4;1;1;0;1;0;0;0;0;0;1;2;0;0;1;2;0;4;0;1;0;2;0;0;0;0;0;1;11;1;9;2;0;0;0;0;2;7;1;1;1;0;0;2;0;0;1;0;1;0;0;0;4;0;3;0;2;0;0;1;0;2;0;0;0;0;0;3;0;1;1;2;1;4;0;0;1;0;2;0;0;0;0;0;1;1;2;0;2;0;0;0;0;0;0;0;0;1;0;0;0;0;0;1;0;0;0;0;0;1;0;0;0;0;1;0;0;0;0;2;0;0;0;0
Marfi1;66;Marasmius fiardii;Saprotroph;Basidiomycota;Agaricomycetes;Agaricales;Marasmiaceae;Marasmius;0;16;0;0;0;0;1;38;0;0;3;0;0;1;17;0;0;2;0;0;10;0;3;0;1;31;0;0;0;3;0;0;0;3;0;0;1;0;3;0;0;0;0;1;0;0;20;5;7;5;1;6;20;1;3;6;0;0;2;2;3;1;0;1;0;0;0;0;1;0;0;0;2;3;0;4;1;5;0;0;0;0;2;0;0;1;15;1;11;2;1;0;2;0;3;6;1;1;2;0;0;5;1;0;4;0;1;0;1;0;17;1;2;0;3;0;2;1;0;2;1;1;0;0;0;3;1;1;0;2;2;3;0;0;2;0;8;2;1;2;0;1;1;0;5;0;3;0;0;2;0;0;0;0;0;0;0;1;3;1;0;1;0;0;0;1;0;3;0;0;0;0;1;0;0;1;0;0;0;0;0;0
Monpe1_1;67;Moniliophthora perniciosa;Pathogen;Basidiomycota;Agaricomycetes;Agaricales;Marasmiaceae;Moniliophthora;0;3;0;0;1;2;0;6;0;0;1;0;0;1;11;0;0;0;0;0;2;0;0;0;0;1;0;0;0;0;0;0;0;0;0;0;0;0;1;0;0;0;0;0;0;0;2;0;1;1;1;2;4;0;1;3;2;0;0;0;0;0;0;0;0;0;0;0;0;0;0;0;0;2;0;2;2;0;0;0;0;0;0;0;0;0;4;0;4;0;0;0;1;0;1;4;0;2;2;0;0;0;0;0;1;0;2;0;0;0;4;0;0;0;3;0;0;0;0;2;0;0;0;0;0;0;1;1;1;1;0;0;0;0;1;0;0;0;0;1;0;0;0;0;0;0;1;0;0;0;0;0;0;0;0;0;0;0;1;0;0;4;0;0;1;1;0;1;0;0;0;0;0;0;0;0;0;0;0;0;0;0
Armga1;68;Armillaria gallica;Pathogen;Basidiomycota;Agaricomycetes;Agaricales;Physalacriaceae;Armillaria;1;21;0;0;8;0;3;42;0;0;3;0;0;1;17;0;0;0;0;0;13;0;4;0;0;1;0;0;1;5;0;0;0;1;0;0;0;0;14;0;0;0;26;1;0;0;11;0;8;3;2;9;21;5;0;6;0;0;1;3;3;0;0;2;0;0;0;0;1;0;0;0;2;2;0;5;1;4;0;4;0;0;2;0;0;3;14;0;9;1;1;0;1;0;4;15;1;1;2;0;0;3;0;0;1;0;1;0;1;0;10;0;4;0;5;0;3;1;0;5;0;1;0;0;0;5;0;2;2;2;3;7;0;0;3;0;4;1;0;0;0;0;2;0;8;0;3;0;0;1;0;0;0;0;0;1;0;1;1;0;0;4;0;0;0;4;0;2;0;0;0;0;2;0;0;1;0;0;1;0;0;0
Mycgal1;69;Mycena galopus;Saprotroph;Basidiomycota;Agaricomycetes;Agaricales;Mycenaceae;Mycena;3;24;2;0;17;6;2;68;0;0;15;0;2;1;11;2;0;1;0;0;44;0;5;0;0;28;1;6;0;4;2;0;0;5;0;5;1;0;61;18;0;0;20;4;0;4;13;9;6;3;2;16;19;2;4;15;0;0;5;6;3;1;0;2;0;0;0;0;1;1;1;0;1;11;0;8;6;5;0;1;0;0;4;0;0;2;27;0;19;4;0;1;1;0;4;28;4;2;5;1;2;3;1;0;4;0;1;2;1;0;17;1;2;0;8;0;1;2;7;5;2;1;0;0;1;9;8;2;0;2;6;10;1;0;1;0;8;3;1;1;0;2;2;6;10;0;2;0;0;5;0;0;0;0;0;1;0;3;0;1;0;3;0;0;0;0;0;0;0;0;0;0;4;0;0;1;0;1;0;2;0;0
PleosPC15_2;70;Pleurotus ostreatus;Wood decayer;Basidiomycota;Agaricomycetes;Agaricales;Pleurotaceae;Pleurotus;0;11;1;0;9;0;0;27;0;0;8;0;3;0;25;0;0;1;0;0;32;0;0;0;0;9;0;1;0;3;0;0;0;1;0;0;0;0;0;0;0;0;6;2;0;0;7;0;2;1;1;3;5;0;1;5;0;0;4;3;2;0;0;1;0;0;0;0;1;0;0;0;2;16;0;3;2;2;0;2;0;0;3;0;0;2;16;0;3;1;0;3;1;0;2;4;0;0;2;0;0;3;0;0;4;0;1;0;0;0;4;1;2;0;3;0;0;1;0;1;1;0;0;0;0;1;0;2;0;2;1;5;0;0;1;0;4;0;0;1;0;0;1;1;2;0;2;0;0;0;0;0;0;0;0;0;0;3;1;0;0;4;0;0;0;1;0;2;0;0;0;0;3;0;0;0;0;1;1;0;1;0
Schco3;71;Schizophyllum commune;Wood decayer;Basidiomycota;Agaricomycetes;Agaricales;Schizophyllaceae;Schizophyllum;0;2;0;0;0;0;1;10;0;0;1;0;3;2;19;0;6;0;0;0;5;0;2;0;0;11;0;1;0;0;0;0;0;1;0;0;0;0;3;0;0;0;0;7;0;0;7;2;2;2;1;6;16;0;2;7;0;0;1;1;3;0;0;1;0;0;0;0;0;0;0;0;1;2;0;4;1;1;0;5;0;0;0;0;0;1;15;2;10;0;2;0;1;0;0;3;2;1;3;0;0;3;1;0;2;0;0;0;0;0;14;0;1;0;2;0;1;1;0;2;1;1;0;0;0;5;0;1;0;2;3;1;1;0;1;0;5;2;0;1;0;0;2;1;5;0;2;0;0;0;0;0;1;0;0;1;0;2;1;0;0;1;0;0;0;4;0;3;0;0;0;0;1;0;0;1;0;0;0;0;0;0
Paxru2;72;Paxillus adelphus;Ectomycorrhizae;Basidiomycota;Agaricomycetes;Boletales;Paxillaceae;Paxillus;0;13;0;0;0;0;0;1;0;0;2;0;0;0;3;0;0;0;0;0;0;0;6;0;0;0;0;1;0;1;0;0;0;0;0;0;0;0;2;0;0;0;0;0;0;0;1;0;0;0;0;5;9;0;0;1;0;0;2;2;0;0;0;2;0;0;0;0;1;0;1;0;0;0;0;1;0;0;0;1;0;0;0;0;0;1;8;1;9;3;0;0;3;0;3;2;1;0;1;0;0;1;0;0;0;0;2;0;0;0;0;0;0;0;4;0;1;0;0;2;0;0;0;0;0;1;0;0;0;0;0;2;0;0;1;0;1;0;1;0;0;0;0;1;1;0;0;0;0;0;0;0;0;0;0;0;0;0;0;0;0;0;0;0;0;0;0;0;0;0;0;0;1;0;0;1;0;0;0;0;0;0
Paxin1;73;Paxillus involutus;Ectomycorrhizae;Basidiomycota;Agaricomycetes;Boletales;Paxillaceae;Paxillus;0;12;1;0;0;0;0;0;0;0;2;0;0;0;3;0;0;0;0;0;0;0;8;0;0;0;0;1;0;2;0;0;0;0;0;0;0;0;0;0;0;0;0;0;0;0;1;0;0;0;0;3;5;0;0;0;2;0;1;2;1;0;0;2;0;0;0;0;1;0;0;0;0;0;2;1;0;0;0;2;0;0;0;0;0;2;12;0;11;3;0;0;5;0;1;2;1;0;1;0;0;1;0;0;0;0;0;0;0;0;0;0;0;0;2;0;1;0;0;2;0;0;0;0;0;1;0;0;0;0;0;1;0;0;1;0;1;0;1;0;0;0;0;0;1;0;1;0;0;0;0;0;0;0;0;0;0;0;0;0;0;0;0;0;0;0;0;0;0;0;0;0;0;0;0;1;0;1;0;0;0;0
Gyrli1;74;Gyrodon lividus;Ectomycorrhizae;Basidiomycota;Agaricomycetes;Boletales;Gyrodontaceae;Gyrodon;0;6;0;0;0;0;0;0;0;0;2;0;0;0;4;0;0;0;0;0;1;0;5;0;0;0;0;1;0;0;0;0;0;0;0;0;0;0;2;0;0;0;0;0;0;0;1;0;2;0;0;3;5;0;1;1;0;0;2;1;2;0;0;1;0;0;0;0;1;0;0;0;0;0;0;1;0;2;0;1;0;1;0;0;0;0;8;1;5;2;1;0;2;0;2;3;0;0;1;0;0;1;0;0;1;0;1;0;0;0;1;0;0;0;2;0;0;0;0;4;0;1;0;0;0;1;0;0;0;0;0;4;0;0;1;1;1;0;0;0;0;0;1;1;2;0;1;0;0;0;0;0;0;0;0;0;0;0;0;0;0;0;0;0;0;0;0;0;0;0;0;0;1;0;0;1;0;1;1;0;0;0
Xerba1;75;Xerocomus badius;Ectomycorrhizae;Basidiomycota;Agaricomycetes;Boletales;Boletaceae;Xerocomus;0;9;0;0;0;0;0;0;0;0;5;0;0;0;3;0;0;0;0;0;0;0;6;0;0;0;0;1;0;0;0;0;0;0;0;0;0;0;4;0;0;0;0;0;0;0;4;0;1;0;0;2;13;0;0;3;0;0;2;0;1;0;0;1;0;0;0;0;1;0;0;0;0;0;0;0;0;3;0;1;0;0;0;0;0;1;12;1;12;2;1;0;1;0;0;1;1;0;1;0;0;1;0;0;1;0;1;0;0;0;0;0;1;0;3;0;1;2;0;2;0;1;0;0;0;1;0;1;0;2;0;2;0;0;0;1;0;0;0;0;0;0;1;0;3;0;0;0;0;0;0;0;0;0;0;0;0;0;0;0;0;0;0;0;0;0;0;0;0;0;0;0;0;0;0;0;0;0;0;0;0;0
Boled5;76;Boletus edulis;Ectomycorrhizae;Basidiomycota;Agaricomycetes;Boletales;Boletaceae;Boletus;0;4;0;0;0;0;0;0;0;0;3;0;0;0;2;0;0;0;0;2;0;0;7;0;0;0;0;1;0;1;0;0;0;0;0;0;0;0;8;0;0;0;0;0;0;0;1;0;1;0;0;4;20;1;0;3;0;0;2;3;2;0;0;1;0;0;0;0;1;0;0;0;0;0;0;2;0;2;0;2;0;0;0;0;0;1;12;0;15;3;1;0;7;0;0;3;1;0;1;0;0;3;0;0;0;0;0;0;0;0;0;0;1;0;1;0;0;1;0;2;0;1;0;0;0;1;0;0;0;0;0;2;0;0;0;1;0;0;0;0;0;0;0;0;3;0;0;0;0;0;0;0;0;0;0;0;1;0;0;0;0;0;0;0;0;0;0;0;0;0;0;0;0;0;0;0;1;0;0;0;0;0
Pismi1;77;Pisolithus microcarpus;Ectomycorrhizae;Basidiomycota;Agaricomycetes;Boletales;Pisolithaceae;Pisolithus;0;8;0;0;0;0;0;0;0;0;2;0;0;0;3;0;0;0;0;0;0;0;0;0;0;0;0;1;0;0;0;0;0;0;0;0;0;0;2;0;0;0;0;0;0;0;5;0;0;0;0;0;2;0;0;1;0;0;0;0;1;0;0;1;0;0;0;0;2;0;0;0;0;0;0;0;0;0;0;2;0;0;0;0;0;0;6;1;1;1;0;0;1;0;1;1;1;0;0;0;0;1;0;0;1;0;1;0;0;0;1;0;0;0;1;0;0;0;0;2;0;1;0;0;0;0;0;0;0;0;0;2;0;0;0;1;1;0;0;0;0;0;0;0;1;0;0;0;0;0;0;0;0;0;0;0;0;0;0;0;0;0;0;0;0;0;0;0;0;0;0;0;0;0;0;0;0;0;0;0;0;0
Sclci1;78;Scleroderma citrinum;Ectomycorrhizae;Basidiomycota;Agaricomycetes;Boletales;Sclerodermataceae;Scleroderma;0;8;0;0;0;0;0;0;0;0;3;0;0;0;2;0;0;0;0;0;0;0;1;0;0;0;0;1;0;1;0;0;0;0;0;0;0;0;2;0;0;0;0;0;0;0;3;0;0;0;0;3;6;0;0;1;0;0;0;0;1;0;0;2;0;0;0;0;2;0;0;0;0;0;0;0;0;1;0;1;0;0;0;0;0;1;7;1;5;2;0;0;1;0;1;3;0;0;0;0;0;1;0;0;0;0;0;0;0;0;0;0;0;0;1;0;0;0;0;2;0;1;0;0;0;0;0;0;0;0;0;3;0;0;3;0;1;0;0;0;0;0;0;0;1;0;0;0;0;0;0;0;0;0;0;0;0;0;0;0;0;0;0;0;0;0;0;0;0;0;0;0;0;0;0;0;0;0;0;0;0;0
Suilu4;79;Suillus luteus;Ectomycorrhizae;Basidiomycota;Agaricomycetes;Boletales;Suillaceae;Suillus;0;16;0;0;0;0;0;1;0;0;3;0;0;0;2;0;0;0;0;2;0;0;7;0;0;0;0;0;0;1;0;0;0;0;0;0;0;0;4;0;0;0;0;0;0;0;3;0;2;0;0;2;16;0;1;3;0;0;2;1;2;0;0;3;0;0;0;0;2;0;0;0;0;0;0;0;0;1;0;1;0;0;0;0;0;1;5;0;9;1;0;0;2;0;1;3;0;0;1;0;0;3;0;0;0;0;1;0;0;0;1;0;1;0;1;0;1;0;0;1;0;1;0;0;0;1;0;0;0;1;0;3;0;0;0;1;2;0;0;0;0;0;0;0;2;0;1;0;0;0;0;0;0;0;0;0;1;0;0;0;0;0;0;0;0;0;0;0;0;0;0;0;1;0;0;0;0;0;1;0;0;0
Suibr2;80;Suillus brevipes;Ectomycorrhizae;Basidiomycota;Agaricomycetes;Boletales;Suillaceae;Suillus;0;14;0;0;0;0;0;2;0;0;3;0;0;0;2;0;0;0;0;0;0;0;3;0;0;0;0;0;0;1;0;0;0;0;0;0;0;0;4;0;0;0;0;0;0;0;3;0;2;0;0;2;14;0;1;4;1;0;2;2;1;0;0;2;0;0;0;0;2;0;0;0;0;0;0;0;0;0;0;2;0;0;0;0;0;1;8;0;11;2;1;0;2;0;1;3;0;0;1;0;0;3;0;0;0;0;1;0;0;0;1;0;1;0;1;0;1;0;0;1;0;1;0;0;0;0;0;0;0;1;0;3;0;0;0;1;1;0;1;0;0;0;0;1;3;0;1;0;0;0;0;0;0;0;0;0;0;0;0;0;0;0;0;0;0;0;0;0;0;0;0;0;1;0;0;1;0;0;1;0;0;0
Conpu1;81;Coniophora puteana;Wood decayer;Basidiomycota;Agaricomycetes;Boletales;Coniophoraceae;Coniophora;0;3;0;0;0;0;2;0;0;0;2;0;0;4;10;0;0;0;0;0;2;0;10;0;0;1;0;1;0;2;0;0;0;0;1;0;1;0;0;0;0;0;0;0;0;0;6;1;2;0;0;4;15;1;3;6;0;0;3;2;3;0;0;2;0;0;0;0;1;1;0;0;1;2;1;2;0;4;0;1;0;0;1;0;0;1;8;1;20;3;1;0;2;0;3;10;1;1;5;0;0;6;2;0;0;0;2;0;0;0;5;0;1;0;1;0;3;1;0;4;0;1;0;0;0;5;1;0;0;1;1;2;0;0;1;2;2;1;0;0;0;1;2;1;9;0;2;0;0;0;0;0;0;0;0;1;0;0;0;0;0;0;0;0;0;0;0;0;0;0;0;0;0;0;0;0;0;0;1;0;0;0
SerlaS7_3_2;82;Serpula lacrymans;Wood decayer;Basidiomycota;Agaricomycetes;Boletales;Serpulaceae;Serpula;0;4;0;0;0;0;1;0;0;0;2;0;0;3;5;0;0;0;0;0;7;0;5;0;0;0;0;0;0;2;0;0;0;1;0;0;1;0;10;0;0;0;0;0;0;0;1;0;2;0;0;3;10;0;1;3;1;0;2;4;2;0;0;1;0;0;0;0;0;1;0;0;1;0;0;1;0;1;0;1;0;0;1;0;0;1;8;1;7;1;0;0;1;0;2;6;0;0;2;0;0;4;0;0;2;0;1;0;0;0;2;0;1;0;0;0;1;1;0;3;0;1;0;0;0;1;1;1;0;1;2;2;0;0;1;2;2;0;0;0;0;0;1;1;5;0;1;0;0;0;0;0;0;0;0;0;0;0;0;0;0;0;0;0;0;0;0;0;0;0;0;0;1;0;0;0;0;0;1;0;0;0
Fibsp1;83;Fibulorhizoctonia sp.;Saprotroph;Basidiomycota;Agaricomycetes;Atheliales;Atheliaceae;Fibularhizoctonia;0;26;1;0;0;0;1;13;0;0;3;0;0;2;14;0;0;0;0;0;31;0;7;0;0;9;0;0;0;6;0;0;1;3;0;0;0;0;8;0;0;0;0;7;0;0;12;0;4;1;0;7;18;0;7;7;6;0;8;4;3;1;0;1;0;0;0;0;7;5;0;0;1;20;1;2;4;4;0;3;0;0;3;0;0;3;23;0;22;3;1;0;3;0;6;13;0;0;8;0;0;3;4;0;3;0;0;0;1;0;11;2;7;1;3;0;3;1;2;9;0;1;0;1;0;11;0;1;4;4;3;8;3;0;1;0;7;2;1;1;0;1;2;1;10;0;2;0;0;0;0;0;0;0;0;0;0;0;0;0;0;0;0;0;0;0;0;0;0;0;0;0;2;0;0;0;0;1;0;0;0;0
Pilcr1;84;Piloderma croceum;Ectomycorrhizae;Basidiomycota;Agaricomycetes;Atheliales;Atheliaceae;Piloderma;5;9;2;0;0;0;1;3;0;0;3;0;5;0;1;0;0;0;0;0;0;0;2;0;0;4;0;0;0;3;0;0;0;0;0;0;0;0;0;0;0;0;0;2;0;0;6;0;2;0;0;2;11;0;2;6;0;0;0;0;1;0;0;1;0;0;0;0;1;0;0;0;0;1;0;0;0;1;0;0;0;0;1;0;0;2;14;1;4;2;0;0;2;0;2;5;0;0;0;0;0;1;1;0;0;0;0;0;0;0;1;0;1;0;2;0;0;0;0;2;0;1;0;1;0;1;0;0;1;2;0;4;0;0;2;1;3;0;0;0;0;0;0;0;3;0;1;0;0;0;0;0;0;0;0;0;0;0;0;0;0;0;0;0;0;0;0;0;0;0;0;0;0;0;0;0;0;1;1;0;0;0
Plicr1;85;Plicaturopsis crispa;Wood decayer;Basidiomycota;Agaricomycetes;Amylocorticiales;Amylocorticiaceae;Plicaturopsis;0;5;0;0;7;0;1;4;0;0;2;0;0;2;8;0;0;0;0;0;8;0;3;0;0;1;0;1;0;4;0;0;1;1;0;0;1;0;2;0;0;0;0;4;0;0;4;0;3;0;1;6;15;2;3;5;0;0;2;2;2;0;0;2;0;0;0;0;1;0;1;0;2;1;0;2;0;2;0;3;0;0;2;0;0;4;11;1;8;3;0;0;0;0;2;9;0;1;4;2;0;3;0;0;1;0;0;0;0;0;3;0;0;0;3;0;1;0;0;2;0;1;0;1;0;3;1;1;0;1;3;4;0;0;1;0;3;0;2;1;0;0;1;0;1;0;2;0;0;0;0;0;0;0;0;1;0;0;0;0;0;1;0;0;0;0;0;2;0;0;0;0;1;0;0;1;0;1;1;0;0;0
Phchr2;86;Phanerochaete chrysosporium;Wood decayer;Basidiomycota;Agaricomycetes;Polyporales;Phanerochaetaceae;Phanerochaete;1;0;0;0;14;0;1;3;0;0;4;0;0;2;12;0;0;1;0;0;34;0;4;0;0;0;0;0;0;2;0;0;0;1;0;0;0;0;4;0;0;0;0;1;0;0;4;0;2;0;2;4;9;0;1;4;0;0;2;3;2;0;0;1;0;0;0;0;0;1;0;0;1;8;0;6;1;2;0;1;0;0;1;0;0;1;10;0;7;3;1;0;1;0;3;5;0;1;0;0;0;4;0;0;1;0;1;0;0;0;3;0;2;0;1;0;0;1;0;1;0;0;0;0;0;1;0;3;0;0;1;3;0;0;1;1;3;0;1;0;0;0;1;0;3;0;3;0;0;1;0;0;0;0;0;1;0;0;0;0;0;0;0;0;0;0;0;0;0;0;0;0;0;0;0;1;0;1;1;0;0;0
Phlbr1;87;Phlebia brevispora;Wood decayer;Basidiomycota;Agaricomycetes;Polyporales;Meruliaceae;Phlebia;0;6;1;0;11;0;1;5;0;0;5;0;0;2;9;0;0;1;0;0;24;0;5;0;0;15;0;4;0;3;0;0;0;1;0;0;0;0;7;0;0;0;0;1;0;0;2;1;1;0;1;2;11;0;1;3;1;0;2;2;1;0;0;2;0;0;0;0;0;2;1;0;1;4;0;8;0;2;0;1;0;0;1;0;0;2;14;0;15;3;1;0;1;0;2;4;0;0;2;0;0;3;0;0;1;0;2;0;0;0;2;1;3;0;2;0;1;1;0;4;0;1;0;0;0;3;0;1;0;0;1;7;0;0;1;2;2;0;1;0;0;0;2;1;3;0;3;0;0;2;0;0;0;0;0;1;0;0;0;0;0;0;0;0;0;0;0;1;0;0;0;0;1;0;0;0;0;2;1;0;0;0
PosplRSB12_1;88;Postia placenta;Wood decayer;Basidiomycota;Agaricomycetes;Polyporales;Dacryobolaceae;Postia;0;2;1;0;0;0;0;4;0;0;1;0;0;0;2;0;0;0;0;0;0;0;3;0;0;0;0;1;0;1;0;0;0;1;0;0;1;0;2;0;0;0;0;0;0;0;1;0;2;0;0;2;13;0;1;2;0;0;3;2;2;0;0;1;0;0;0;0;0;1;1;0;0;0;0;3;0;2;0;3;0;0;0;0;0;1;13;0;6;3;1;0;0;0;1;8;0;0;2;0;0;2;0;0;1;0;0;0;0;0;1;0;0;0;2;0;0;0;0;2;0;1;0;0;0;1;1;0;0;0;3;1;0;0;1;1;1;0;0;0;0;0;0;0;2;0;0;0;0;0;0;0;0;0;0;0;0;0;0;0;0;0;0;0;0;0;0;0;0;0;0;0;0;0;0;0;0;0;3;0;0;0
Thega1;89;Thelephora ganbajun;Ectomycorrhizae;Basidiomycota;Agaricomycetes;Thelephorales;Thelephoraceae;Thelephora;1;0;0;0;0;0;0;2;0;0;2;0;0;0;3;0;0;0;0;0;0;0;3;0;0;0;0;1;0;1;0;0;0;0;0;0;1;0;2;0;0;0;0;0;0;0;1;0;0;0;0;0;3;0;0;2;0;0;0;0;3;0;0;1;0;0;0;0;0;0;0;0;0;0;0;0;0;0;0;3;0;0;2;0;0;1;7;2;6;1;1;0;1;0;0;1;0;0;1;0;0;2;0;0;0;0;1;0;0;0;0;0;0;0;2;0;0;0;0;1;0;1;0;0;0;1;1;0;0;1;0;3;0;0;1;0;0;0;0;0;0;0;0;1;1;0;0;0;0;0;0;0;0;0;0;0;0;0;0;0;0;0;0;0;0;0;0;0;0;0;0;0;1;0;0;0;0;1;0;0;0;0
Lenvul1;90;Lentinellus vulpinus;Wood decayer;Basidiomycota;Agaricomycetes;Russulales;Auriscalpiaceae;Lentinellus;1;6;0;0;11;0;0;5;0;0;1;0;0;0;9;0;0;0;0;0;20;0;4;0;0;0;0;1;0;3;0;0;0;1;0;0;0;0;7;0;0;0;0;2;0;0;5;0;2;0;2;2;15;0;0;4;0;0;2;2;2;0;0;1;0;0;0;0;0;0;0;0;1;3;0;4;0;2;0;2;0;0;1;0;0;7;10;0;6;2;1;0;1;0;1;2;0;0;1;0;0;3;0;0;1;0;1;0;0;0;2;0;1;0;2;0;1;0;0;1;0;1;0;0;0;0;0;1;0;1;0;3;1;0;2;0;3;0;1;0;0;0;1;0;1;0;3;0;0;0;0;0;0;0;0;1;0;0;0;0;0;0;0;0;0;0;0;0;0;0;0;0;1;0;0;0;0;1;1;0;0;0
Lacqui1;91;Lactarius quietus;Ectomycorrhizae;Basidiomycota;Agaricomycetes;Russulales;Russulaceae;Lactarius;0;14;0;0;1;0;0;7;0;0;11;0;0;0;2;0;0;0;0;0;0;0;0;0;0;0;0;1;0;3;0;0;0;0;0;0;0;0;6;0;0;0;0;0;0;0;4;0;0;0;0;0;21;0;0;3;0;0;0;0;2;0;0;2;0;0;0;0;1;0;0;0;0;0;0;0;0;0;1;1;0;1;1;0;0;8;7;1;2;2;1;0;4;0;0;0;0;0;0;0;0;2;0;0;0;0;0;0;0;0;0;0;9;0;4;0;0;0;0;0;0;1;0;0;0;0;0;0;0;0;0;2;0;0;1;0;1;0;0;0;0;0;0;0;1;0;2;0;0;0;0;0;0;0;0;0;0;0;0;0;0;0;0;0;0;0;0;0;0;0;0;0;1;0;0;0;0;0;1;0;0;0
Hetan2;92;Heterobasidion annosum;Pathogen;Basidiomycota;Agaricomycetes;Russulales;Bondarzewiaceae;Heterobasidion;2;11;0;0;7;0;1;17;0;0;3;0;2;2;9;0;0;0;0;0;17;0;5;0;0;0;0;1;0;1;0;0;0;2;0;0;0;0;0;0;0;0;0;1;0;0;3;0;2;1;1;4;9;0;1;7;0;0;3;2;2;0;0;0;0;0;0;0;1;0;0;0;1;1;0;2;0;4;0;2;0;0;0;0;0;3;10;0;8;2;1;0;0;0;3;3;1;1;1;0;0;4;1;0;2;0;0;0;0;0;4;0;2;0;3;0;1;1;0;1;0;1;0;0;0;0;0;1;0;1;0;4;2;0;1;0;2;0;1;0;0;0;1;0;0;0;1;0;0;0;0;0;0;0;0;1;0;0;0;1;0;1;0;0;0;0;0;1;0;0;0;0;1;0;0;1;0;1;0;0;0;0
Neole1;93;Neolentinus lepideus;Wood decayer;Basidiomycota;Agaricomycetes;Gloeophyllales;Gloeophyllaceae;Neolentinus;0;3;1;0;0;0;0;9;0;0;1;0;0;0;4;0;0;0;0;0;0;0;4;0;0;0;0;0;0;2;0;0;0;2;0;0;0;0;4;0;0;0;0;0;0;0;3;0;2;0;1;2;7;1;1;5;0;0;1;2;2;0;0;1;0;0;0;0;1;2;1;0;0;0;0;2;0;2;0;1;0;0;2;0;0;1;14;1;9;4;1;0;1;0;2;10;1;1;3;0;0;3;0;0;1;0;1;0;0;0;4;0;2;0;1;0;1;1;0;1;0;1;0;0;0;4;0;0;0;0;1;4;0;0;1;0;3;0;0;0;0;0;1;1;3;0;0;0;0;0;0;0;0;0;0;1;0;0;0;0;0;0;0;0;0;0;0;0;0;0;0;0;1;0;0;0;0;1;1;0;0;0
Jaaar1;94;Jaapia argillacea;Wood decayer;Basidiomycota;Agaricomycetes;Jaapiales;Jaapiaceae;Jaapia;0;1;0;0;1;0;0;4;0;0;1;0;0;1;14;0;0;0;0;0;23;0;3;0;0;0;0;0;0;1;0;0;0;1;0;0;1;0;0;0;0;0;0;2;0;0;3;0;2;0;0;5;11;0;1;3;0;0;8;3;2;0;0;1;0;0;0;0;6;1;0;0;3;4;0;5;0;8;0;0;0;0;0;0;0;1;12;0;8;2;0;0;0;0;4;7;0;0;1;0;0;4;0;0;0;0;1;0;0;0;3;0;1;0;2;0;2;2;0;2;0;1;0;0;0;1;1;1;0;0;1;3;0;0;0;0;0;0;1;0;0;0;2;1;2;0;4;0;0;0;0;0;0;0;0;1;0;0;0;0;0;0;0;0;0;0;0;0;0;0;0;0;0;0;0;1;0;0;0;0;0;0
Punst1;95;Punctularia strigosozonata;Pathogen;Basidiomycota;Agaricomycetes;Corticiales;Punctulariaceae;Punctularia;0;12;0;0;11;0;1;7;0;0;3;0;0;1;11;0;0;0;0;0;20;0;2;0;0;6;0;1;0;4;0;0;0;1;0;2;0;0;4;0;0;0;0;2;0;0;3;1;5;0;1;5;8;0;2;7;0;0;3;1;2;0;0;1;0;0;0;0;0;0;0;0;1;4;0;4;1;2;0;2;0;0;3;0;0;3;13;0;7;2;0;0;1;0;3;11;0;1;2;0;0;3;1;0;2;0;1;0;0;0;5;1;1;0;1;0;2;2;2;2;0;1;0;0;0;1;0;2;0;1;4;6;0;0;0;0;2;1;0;1;0;0;0;1;1;0;2;0;0;0;0;0;0;0;0;0;0;2;1;1;0;0;0;0;0;0;0;0;2;0;0;0;0;0;0;0;0;1;1;0;0;0
Sisni1;96;Sistotremastrum niveocremeum;Wood decayer;Basidiomycota;Agaricomycetes;Trechisporales;Hydnodontaceae;Sistotremastrum;1;9;0;0;14;0;2;12;0;0;4;0;1;3;21;0;0;0;0;0;48;0;3;0;0;1;0;2;0;2;0;0;0;1;0;0;1;0;12;0;0;0;0;2;0;0;3;2;0;0;2;3;5;0;0;2;1;0;5;4;2;0;0;1;0;0;0;0;1;2;1;0;4;3;0;5;2;2;0;2;0;0;1;0;0;1;7;0;7;1;1;0;3;0;1;2;0;0;0;0;0;3;0;0;0;0;1;0;0;0;1;1;2;0;2;0;0;0;0;0;0;1;0;0;0;2;1;2;0;0;0;3;1;0;0;0;1;0;0;0;0;0;2;0;3;0;4;0;0;0;0;0;0;0;0;0;0;0;0;0;0;0;0;0;0;0;0;0;0;0;0;0;0;0;0;0;1;0;1;0;0;0
Ramac1;97;Ramaria rubella;Saprotroph;Basidiomycota;Agaricomycetes;Gomphales;Gomphaceae;Ramaria;5;9;0;0;13;0;1;10;0;0;8;0;0;2;6;0;0;1;0;0;16;0;3;0;0;7;0;2;0;3;0;0;0;4;0;0;0;0;4;0;0;0;0;4;0;0;5;1;3;1;1;7;12;1;1;3;1;0;3;0;2;0;0;0;0;0;0;0;0;0;0;0;2;3;0;4;0;2;0;2;0;0;1;0;0;2;13;2;6;4;1;0;1;0;6;8;0;0;1;0;0;5;0;0;4;0;1;0;0;0;7;1;2;0;3;0;1;2;0;2;0;1;0;0;0;0;0;1;0;1;2;1;0;1;2;1;2;0;1;0;0;0;2;1;3;0;1;0;0;1;0;0;0;0;0;1;0;1;0;0;0;0;0;0;0;0;0;0;0;0;0;0;0;0;0;0;0;0;1;0;0;0
Gaumor1_1;98;Gautieria morchelliformis;Ectomycorrhizae;Basidiomycota;Agaricomycetes;Gomphales;Gautieriaceae;Gautieria;0;10;0;0;25;0;0;6;0;0;9;0;1;0;1;0;0;0;0;0;3;0;3;0;0;4;0;1;0;1;0;0;0;1;0;0;0;0;10;0;0;0;0;0;0;0;5;0;2;0;0;3;24;0;0;3;1;0;2;0;2;0;0;1;0;0;0;0;1;0;0;0;1;1;1;2;0;0;0;3;0;0;0;0;0;1;10;1;13;2;1;0;0;0;2;6;2;0;1;0;0;3;0;0;0;0;1;0;0;0;1;0;2;0;1;0;1;0;0;2;0;1;0;0;0;0;0;1;0;0;2;2;0;0;1;2;3;0;1;0;0;0;0;0;0;0;1;0;0;0;0;0;0;0;0;0;0;0;0;0;0;0;0;0;0;0;0;0;0;0;0;0;0;0;0;0;0;1;1;0;0;0
Sphst1;99;Sphaerobolus stellatus;Wood decayer;Basidiomycota;Agaricomycetes;Geastrales;Sphaerobolaceae;Sphaerobolus;2;14;0;0;41;2;0;32;0;0;4;0;6;1;34;0;0;0;0;0;45;0;3;0;0;17;0;3;0;1;0;0;0;3;0;0;0;0;16;0;0;0;0;5;0;0;6;17;5;0;4;15;25;1;1;7;1;0;9;2;1;0;0;1;0;0;0;0;0;2;0;0;4;8;0;11;3;4;0;1;0;0;0;0;0;1;17;2;9;3;2;1;6;0;7;14;1;0;1;0;2;4;1;0;8;0;1;0;0;0;7;2;2;0;4;0;4;1;0;2;0;1;0;0;1;0;0;1;0;1;2;6;0;0;1;4;4;1;1;0;0;0;2;1;0;0;1;0;1;1;0;0;0;0;0;0;0;0;0;0;0;1;0;0;0;1;0;1;0;0;0;0;2;0;0;0;0;1;0;0;0;0
Aurde3_1;100;Auricularia subglabra;Wood decayer;Basidiomycota;Agaricomycetes;Auriculariales;Auriculariaceae;Auricularia;2;0;0;3;15;1;0;20;0;0;3;0;0;0;16;0;0;4;0;0;44;0;7;0;0;4;0;1;0;0;0;0;0;2;0;4;1;0;24;0;0;0;0;4;0;3;8;3;3;2;4;25;26;0;3;7;2;0;3;3;1;1;0;3;0;0;0;0;1;3;0;1;2;6;0;4;3;2;0;1;0;0;0;0;0;0;21;3;19;5;2;0;1;0;2;13;1;0;0;0;1;7;2;0;4;0;2;0;0;0;22;1;3;0;5;0;1;1;0;4;0;1;0;0;0;5;1;1;2;1;3;11;3;0;2;1;6;1;0;2;0;3;2;1;5;0;2;0;0;1;0;0;0;0;0;2;0;0;0;0;0;1;0;0;0;1;0;0;0;0;1;0;2;0;0;1;2;6;1;0;1;0
Pirin1;101;Piriformospora indica;Endophyte;Basidiomycota;Agaricomycetes;Sebacinales;Serendipitaceae;Serendipita;0;1;0;0;0;0;2;8;0;0;7;0;1;2;22;0;0;0;0;0;60;0;1;0;0;5;0;1;0;2;0;0;0;1;0;0;1;0;49;0;0;0;0;9;0;1;11;2;3;0;1;3;5;0;0;4;0;0;3;4;2;0;0;0;0;0;0;0;1;0;0;1;2;1;0;14;14;2;0;0;0;1;0;0;0;2;9;4;3;1;4;0;0;1;3;4;1;0;1;0;0;2;1;0;2;0;1;0;0;0;3;2;2;0;1;0;0;1;0;1;3;1;0;0;0;1;1;1;0;0;0;0;0;0;0;0;0;0;1;0;0;0;1;0;2;0;3;0;0;0;0;0;0;0;0;1;0;0;0;1;0;1;0;0;0;6;0;1;0;0;0;0;0;0;0;0;0;0;0;0;0;0
Sebve1;102;Sebacina vermifera;Orchid mycorrhizae;Basidiomycota;Agaricomycetes;Sebacinales;Serendipitaceae;Serendipita;0;5;0;0;0;0;2;10;0;0;4;0;1;4;24;0;0;1;0;0;47;0;1;0;0;3;0;0;0;1;0;0;0;0;0;0;0;0;19;0;0;0;0;6;0;1;12;5;5;1;2;5;1;0;0;4;0;0;7;3;3;0;0;0;0;0;0;0;1;0;1;1;5;4;0;9;6;1;0;0;0;0;2;0;0;0;8;2;1;1;2;0;0;2;1;6;2;0;1;0;0;2;1;0;0;0;0;0;0;0;3;4;1;0;1;0;4;0;0;1;0;1;0;0;0;2;0;2;0;0;0;0;0;0;2;0;0;0;0;0;0;0;2;0;2;0;4;0;2;0;0;0;0;0;0;0;0;3;0;1;0;1;0;0;0;1;0;2;0;0;0;0;0;0;0;1;0;0;0;0;0;0
Hydru2;103;Hydnum rufescens;Ectomycorrhizae;Basidiomycota;Agaricomycetes;Cantharellales;Hydnaceae;Hydnum;4;0;1;0;0;0;0;4;0;0;1;0;0;0;2;0;0;0;0;0;1;0;2;0;0;1;0;1;0;1;0;0;0;0;0;0;0;0;0;0;0;0;0;0;0;0;8;0;0;1;0;0;7;0;0;3;0;0;1;0;3;0;0;0;0;0;0;0;0;0;0;0;0;1;0;0;0;0;0;1;0;0;3;0;0;1;7;1;6;1;0;0;0;0;1;0;1;0;0;0;0;2;0;0;0;0;1;0;0;0;0;0;0;0;3;0;1;0;0;0;0;0;0;0;0;1;0;1;0;0;0;1;0;0;1;0;1;0;0;0;0;0;0;0;1;0;0;0;0;0;0;0;0;0;0;0;0;0;0;0;0;0;0;0;0;0;0;0;0;0;0;0;0;0;0;0;0;0;0;0;0;0
Cananz1;104;Cantharellus anzutake;Ectomycorrhizae;Basidiomycota;Agaricomycetes;Cantharellales;Cantharellaceae;Cantharellus;0;7;1;0;0;0;0;4;0;0;3;0;0;0;7;0;0;0;0;0;1;0;2;0;0;0;0;0;0;1;0;0;0;0;0;0;0;0;2;0;0;0;0;0;0;0;5;0;0;1;0;0;4;0;0;5;0;0;0;0;5;0;1;2;0;0;0;0;0;0;0;0;0;1;0;0;0;0;0;0;0;0;3;0;0;1;7;1;3;1;1;0;4;0;0;1;0;0;1;0;0;2;1;0;0;0;3;0;0;0;0;0;3;0;4;0;0;0;0;0;0;0;0;0;0;1;0;0;0;0;0;2;0;0;0;0;0;0;0;0;0;0;0;0;1;0;2;0;0;0;0;0;0;0;0;0;0;0;0;0;0;0;0;0;0;0;0;0;0;0;0;0;1;0;0;0;0;0;1;0;0;0
ClaPMI390;105;Sistotrema sp.;Saprotroph;Basidiomycota;Agaricomycetes;Cantharellales;Clavulinaceae;;0;0;1;0;0;0;1;11;0;0;3;0;0;1;18;0;0;0;0;0;49;0;16;0;0;0;0;0;0;3;0;0;0;1;0;0;0;0;0;0;0;0;0;2;0;0;4;1;7;2;0;6;13;0;0;6;0;0;8;3;2;1;0;2;0;0;0;0;0;1;2;0;2;4;0;4;2;1;0;2;0;0;2;0;0;3;8;1;16;1;1;0;2;0;1;16;2;0;1;0;3;1;0;0;1;0;1;0;2;0;9;1;3;0;0;0;0;2;0;5;3;1;0;0;0;7;0;2;0;8;0;8;2;0;3;0;1;3;1;0;0;0;1;1;9;0;1;0;0;2;0;0;0;0;0;1;0;0;0;0;0;1;0;0;0;0;0;0;0;0;0;0;0;0;0;2;0;1;1;0;0;0
Botbo1;106;Botryobasidium botryosum;Saprotroph;Basidiomycota;Agaricomycetes;Cantharellales;Botryobasidiaceae;Botryobasidium;3;0;1;0;0;0;3;3;0;0;1;0;4;2;31;0;0;2;0;0;27;0;7;0;0;0;0;0;0;4;0;0;0;1;0;0;0;0;0;0;0;0;0;2;0;0;15;0;1;0;3;3;23;0;0;3;0;1;2;1;4;0;0;2;0;0;0;0;5;1;0;0;2;7;1;6;0;0;0;0;0;0;2;0;0;3;6;3;11;2;1;0;2;1;2;2;0;1;2;0;0;5;0;0;0;0;1;0;0;0;1;1;0;0;2;0;0;1;0;2;0;1;0;0;0;2;0;0;0;0;0;0;0;0;1;0;1;0;0;1;0;1;1;1;4;0;3;0;1;0;0;0;0;0;0;0;0;1;0;0;0;3;0;0;0;2;0;1;0;0;0;0;0;0;0;0;0;1;1;0;0;0
Tulca1;107;Tulasnella calospora;Orchid mycorrhizae;Basidiomycota;Agaricomycetes;Cantharellales;Tulasnellaceae;Tulasnella;1;0;0;0;0;1;2;4;0;0;2;0;2;2;28;0;0;0;0;0;76;0;0;0;0;0;0;0;0;0;0;0;0;2;0;0;1;0;2;0;0;0;0;2;0;0;14;0;2;4;2;9;4;0;0;3;1;1;9;9;1;0;0;0;0;0;0;0;3;0;1;0;5;17;1;5;10;1;0;1;0;0;2;0;0;1;7;0;2;0;1;0;0;1;2;7;0;1;2;0;2;2;0;0;2;0;1;0;0;0;4;2;2;0;2;0;0;0;0;3;2;0;0;0;0;1;1;4;0;0;0;4;0;0;1;0;0;0;0;0;0;0;1;0;2;0;4;0;0;0;0;0;0;0;0;0;0;4;0;3;0;0;0;0;0;3;1;1;0;0;0;0;2;0;0;0;0;1;1;0;0;0
CerAGI;108;Ceratobasidium sp.;Orchid mycorrhizae;Basidiomycota;Agaricomycetes;Cantharellales;Ceratobasidiaceae;Ceratobasidium;10;6;0;0;0;1;4;7;0;0;5;0;0;5;27;0;0;3;0;0;50;0;6;0;0;2;0;2;0;5;1;0;0;3;0;0;0;0;12;0;0;0;0;3;0;0;15;3;7;4;0;13;22;0;0;6;0;1;3;5;4;0;0;1;0;0;0;0;0;1;1;0;6;12;0;9;0;1;0;1;0;0;3;0;1;3;11;0;6;1;1;0;2;0;4;17;3;1;2;0;0;2;0;0;5;0;2;0;0;0;12;0;4;0;3;0;3;1;0;2;0;1;0;0;0;5;0;1;0;0;1;2;0;0;2;0;2;0;1;2;0;0;2;1;11;0;4;0;1;1;0;0;0;0;0;1;0;3;1;3;1;7;0;0;2;6;1;6;3;0;0;0;1;0;0;1;0;1;1;0;0;0
Rhiso1;109;Rhizoctonia solani;Pathogen;Basidiomycota;Agaricomycetes;Cantharellales;Ceratobasidiaceae;Rhizoctonia;11;7;0;0;0;1;4;11;1;0;7;0;4;1;31;0;0;3;0;0;34;0;3;0;0;1;0;1;0;2;2;0;0;4;0;0;1;0;12;0;1;0;0;0;0;0;10;9;9;5;0;10;18;0;0;4;0;2;4;3;2;0;0;1;0;0;0;0;0;0;0;0;3;8;2;9;0;2;0;1;0;0;2;0;2;2;10;0;5;1;2;0;0;0;3;26;1;1;0;0;0;3;0;0;6;0;1;0;0;0;12;0;5;0;1;0;3;1;0;1;0;1;0;0;0;1;1;1;0;1;2;2;0;0;3;0;1;0;3;2;0;0;0;1;9;0;4;0;0;1;0;0;0;0;0;1;0;5;2;12;0;12;0;0;0;25;0;8;1;0;0;0;10;0;0;0;0;2;1;0;0;0
Dacsp1;110;Dacryopinax primogenitus;Wood decayer;Basidiomycota;Dacrymycetes;Dacrymycetales;Dacrymycetaceae;Dacryopinax;0;0;0;0;0;0;0;1;0;0;1;0;2;0;0;0;0;0;0;0;1;0;1;0;0;2;0;1;0;1;0;0;0;0;0;0;1;0;0;0;0;0;0;0;0;0;6;0;1;0;1;3;6;0;1;3;2;0;3;1;1;0;0;0;0;0;0;0;0;0;0;0;0;0;0;3;0;1;0;0;0;0;1;0;0;1;5;1;5;1;1;0;0;3;0;3;0;1;2;0;0;2;0;0;0;0;1;0;0;0;0;0;0;0;1;0;1;0;0;2;0;1;0;0;0;2;1;0;0;0;0;5;0;0;0;0;1;0;0;0;0;0;2;0;2;0;1;0;0;0;0;0;0;0;0;0;0;0;0;0;0;0;0;0;0;0;0;0;0;0;0;0;0;0;0;0;0;0;0;0;0;0
Treme1;111;Tremella mesenterica;Wood decayer;Basidiomycota;Tremellomycetes;Tremellales;Tremellaceae;Tremella;2;0;0;0;0;0;0;1;0;0;1;0;0;0;0;0;1;0;0;0;0;0;0;0;0;9;0;0;0;0;0;0;0;0;0;0;0;0;2;0;0;0;0;0;0;0;5;0;0;0;0;0;6;0;0;1;1;0;0;0;3;0;0;0;0;0;0;1;0;0;0;0;0;0;0;0;0;0;0;3;0;0;0;0;0;1;2;0;1;1;1;0;0;0;0;0;0;0;0;0;0;1;0;0;0;0;1;0;0;0;0;0;0;0;1;0;0;0;0;0;0;0;0;0;0;2;0;0;0;0;0;1;0;0;0;0;0;0;0;0;0;0;0;0;4;0;0;0;0;0;0;0;0;0;0;0;0;0;0;0;0;0;0;0;0;0;0;0;0;0;0;0;0;0;0;0;0;1;0;0;0;0
Walse1;112;Wallemia sebi;Saprotroph;Basidiomycota;Wallemiomycetes;Wallemiales;;Wallemia;0;0;0;0;0;0;0;3;0;0;0;0;0;0;8;0;0;0;0;0;0;0;0;0;0;1;0;0;0;0;0;0;0;0;0;0;0;0;0;0;0;0;0;0;0;0;4;0;0;0;0;0;5;0;1;3;0;0;0;0;2;0;0;0;0;0;0;0;0;0;1;0;0;0;0;0;0;0;0;0;0;0;0;0;0;0;3;0;0;1;0;0;0;0;1;0;0;0;0;0;0;3;0;0;0;0;1;0;0;0;0;0;0;0;0;0;0;0;0;0;0;0;0;0;0;0;0;0;0;0;0;0;0;0;0;0;0;0;0;0;0;0;0;0;1;0;0;0;0;0;0;0;1;0;0;0;0;0;0;0;0;0;0;0;0;0;0;0;0;0;0;0;0;0;0;0;0;0;0;0;0;0
