JGI ID;Phylogenetic Order;Species;Ecology;Phylum;Class;Order;Family;Genus;A01A;C13;G01;I32;I51;M20A;M23B;M24X;M28A;M28E;M28X;M35;S08A;S09X;S10;S28;S53;T03;A01X;C56;I39;M14A;M28B;M38;M43B;S01A;S01E;S09C;S51;M36;S08X;C46;C26;I02;C40;M06;M14C;M14X;M19;S01X;S09B;S60;M02;M43A;M12B;I63;M20D;T06;S71;U69;T02;I87;M03A;M20F;M28F;C19;M12A;I31;M13;I01;C69;I25X;M26;I43;M24B;M56;M77;S08B;S16;C03B;C65;C14B;I66;M24A;A01B;S15;I04;C53;C82;S59;S66;S72;M17;I25C;C39;S41A;I42;C97;A02A;M04
Chalo1;1;Chalara longipes;Saprotroph;Ascomycota;Leotiomycetes;Helotiales;;Chalara;26;1;9;3;3;0;0;0;2;4;2;0;3;0;16;2;7;3;1;2;0;0;0;2;0;0;0;0;0;0;0;0;0;0;0;0;0;0;0;0;0;0;0;0;0;0;0;0;0;0;0;0;0;0;0;0;0;0;0;1;0;0;0;0;0;0;0;0;0;0;0;0;0;0;0;0;0;0;0;0;0;0;0;0;0;0;0;0;0;0
Melva1;2;Meliniomyces variabilis;Ericoid mycorrhizae;Ascomycota;Leotiomycetes;Helotiales;Helotiaceae;Meliniomyces;17;1;5;0;4;0;0;0;1;2;2;0;2;0;13;3;8;2;0;2;0;1;0;2;0;0;0;1;0;0;0;0;0;0;0;0;0;0;0;0;0;0;0;0;0;2;0;0;0;0;0;0;0;0;0;0;0;0;0;0;0;0;0;0;0;0;0;0;0;0;0;0;0;0;0;1;0;0;0;0;0;0;0;0;0;0;0;0;0;0
Melbi2;3;Meliniomyces bicolor;Ericoid mycorrhizae;Ascomycota;Leotiomycetes;Helotiales;Helotiaceae;Meliniomyces;9;1;2;0;3;1;0;0;2;3;0;1;3;0;8;3;3;2;1;0;0;1;0;0;0;0;0;0;0;0;0;0;0;0;0;0;0;0;0;0;0;0;0;0;0;1;0;0;0;0;0;0;0;0;0;0;0;0;0;0;0;0;0;0;0;0;0;0;0;0;0;0;0;0;0;0;0;0;0;0;0;0;0;0;0;0;0;0;0;0
Rhier1;4;Rhizoscyphus ericae;Ericoid mycorrhizae;Ascomycota;Leotiomycetes;Helotiales;Leotiaceae;Pezoloma;13;1;4;0;2;0;0;0;1;1;0;0;0;0;7;3;6;1;1;0;0;1;0;0;0;0;0;0;0;0;0;0;0;0;0;0;0;0;0;0;0;0;0;0;0;0;0;0;0;0;0;0;0;0;0;0;0;0;0;0;0;0;0;0;0;0;0;0;0;0;0;0;0;0;0;0;0;0;0;0;0;0;0;0;0;0;0;0;0;0
Acema1;5;Acephala macrosclerotiorum;Ectomycorrhizae;Ascomycota;Leotiomycetes;Helotiales;;Acephala;10;1;4;1;2;1;1;1;1;4;2;1;2;1;10;4;2;1;0;0;0;0;0;0;0;0;0;0;0;0;0;0;0;0;0;0;0;0;0;0;0;0;0;0;0;0;0;0;0;0;0;0;0;0;0;0;0;0;0;0;0;0;0;0;0;0;0;0;0;0;0;0;0;0;0;0;0;0;0;0;0;0;0;0;0;0;0;0;0;0
Phisc1;6;Phialocephala scopiformis;Endophyte;Ascomycota;Leotiomycetes;Helotiales;;Phialocephala;16;1;5;3;5;0;0;1;2;3;1;0;6;1;16;5;1;1;1;1;0;0;0;1;0;0;0;0;0;0;0;0;0;0;0;0;0;0;0;0;0;0;0;0;0;1;2;0;0;0;0;0;0;0;0;0;0;0;0;0;0;0;0;0;0;0;0;0;0;0;0;0;0;0;0;0;0;0;0;0;0;0;0;0;0;0;0;0;0;0
Ascsa1;7;Ascocoryne sarcoides;Endophyte;Ascomycota;Leotiomycetes;Helotiales;Helotiaceae;Ascocoryne;9;1;3;0;1;0;0;0;1;1;1;1;4;0;7;4;1;0;0;0;0;0;0;1;0;0;0;0;0;0;0;0;0;0;0;0;0;0;0;0;0;0;0;0;1;0;0;0;0;0;0;0;0;0;0;0;0;0;0;0;0;0;0;0;0;0;0;0;0;0;0;0;0;0;0;0;0;0;0;0;0;0;0;0;0;0;0;0;0;0
Glalo1;8;Glarea lozoyensis;Saprotroph;Ascomycota;Leotiomycetes;Helotiales;Helotiaceae;Glarea;9;1;1;3;1;0;0;0;7;2;1;2;6;0;6;3;3;2;0;2;0;3;0;2;1;1;0;0;0;0;0;0;0;1;0;1;0;0;1;0;1;0;0;0;0;0;0;0;0;0;1;0;0;0;0;0;0;1;0;0;0;0;0;0;0;0;0;0;0;0;0;0;0;0;0;0;0;0;0;0;0;0;0;0;0;0;0;0;0;0
Amore1;9;Amorphotheca resinae;Saprotroph;Ascomycota;Leotiomycetes;;Myxotrichaceae;Amorphotheca;5;0;0;0;0;0;0;0;1;1;1;0;1;0;8;2;3;2;0;0;0;0;0;1;0;0;0;0;0;0;0;0;0;0;0;0;0;0;0;0;0;0;0;0;0;0;0;0;0;0;0;0;0;0;0;0;0;0;0;0;0;0;0;0;0;0;0;0;0;0;0;0;0;0;0;0;0;0;0;0;0;0;0;0;0;0;0;0;0;0
Oidma1;10;Oidiodendron maius;Ericoid mycorrhizae;Ascomycota;Leotiomycetes;;Myxotrichaceae;Oidiodendron;17;1;5;1;2;0;0;1;1;2;0;0;4;0;9;3;5;2;0;1;1;1;0;1;0;0;0;1;0;0;0;0;0;0;1;0;0;0;0;0;0;0;0;0;0;0;0;1;0;0;0;0;0;0;0;0;0;0;0;0;0;0;0;0;1;0;0;0;0;0;0;0;0;0;0;0;0;0;0;0;0;0;0;0;0;0;0;0;0;0
Bissp1;11;Bisporella sp.;Saprotroph;Ascomycota;Leotiomycetes;Helotiales;Helotiaceae;Bisporella;10;1;1;1;2;0;0;1;6;1;1;2;10;0;7;5;1;3;1;1;0;5;0;2;3;0;0;0;0;0;2;0;0;2;2;0;0;0;0;1;1;0;0;0;0;1;0;0;0;0;1;0;0;0;0;0;0;0;0;0;0;0;0;0;0;0;0;0;0;0;0;0;0;0;0;0;0;0;0;0;0;0;0;0;0;0;0;0;0;0
Sclsc1;12;Sclerotinia sclerotiorum;Pathogen;Ascomycota;Leotiomycetes;Helotiales;Sclerotiniaceae;Sclerotinia;9;1;2;0;0;0;0;0;1;1;1;1;2;1;7;1;3;1;0;0;0;1;0;1;0;1;0;0;0;0;0;0;0;1;0;0;0;0;0;0;0;0;0;0;0;1;0;0;0;0;0;0;0;0;0;0;0;0;0;0;0;0;0;0;0;0;0;0;0;0;0;0;0;0;0;0;0;0;0;0;0;0;0;0;0;0;0;0;0;0
Botci1;13;Botrytis cinerea;Pathogen;Ascomycota;Leotiomycetes;Helotiales;Sclerotiniaceae;Botrytis;9;1;2;0;1;0;0;0;1;0;1;1;3;1;9;3;1;1;0;0;0;2;0;1;0;1;0;0;0;0;0;0;0;0;0;0;0;0;0;0;0;0;0;0;0;1;0;0;0;0;0;0;0;0;0;0;0;0;0;0;0;0;0;0;0;0;0;0;0;0;0;0;0;0;0;0;0;0;0;0;0;0;0;0;0;0;0;0;0;0
Maggr1;14;Magnaporthe grisea;Pathogen;Ascomycota;Sordariomycetes;Magnaporthales;Magnaporthaceae;Magnaporthe;11;1;1;1;5;0;0;1;5;4;1;3;14;1;5;5;2;1;1;2;0;9;1;1;2;0;1;1;0;1;2;0;0;1;0;0;0;0;0;2;1;0;0;0;0;0;1;0;0;0;1;0;0;0;0;1;0;0;0;1;0;0;0;0;0;0;0;0;0;0;0;0;0;0;1;0;0;0;0;0;0;0;0;0;0;0;0;0;0;0
Neucr_trp3_1;15;Neurospora crassa;Saprotroph;Ascomycota;Sordariomycetes;Sordariales;Sordariaceae;Neurospora;13;1;1;0;1;1;0;0;1;0;0;2;4;0;1;2;1;1;0;1;0;2;0;0;2;0;0;1;0;0;1;0;0;0;0;0;0;0;0;0;0;0;0;0;0;0;0;0;0;0;0;0;0;0;0;0;0;0;0;0;0;1;0;0;0;0;0;0;0;0;0;0;0;0;0;0;0;0;0;0;0;0;0;0;0;0;0;0;0;0
Trire2;16;Trichoderma reesei;Saprotroph;Ascomycota;Sordariomycetes;Hypocreales;Hypocreaceae;Trichoderma;12;0;2;0;0;2;0;0;3;1;1;1;4;0;1;2;3;1;0;0;0;3;0;2;0;1;0;0;1;0;1;0;0;0;0;0;0;0;0;0;0;0;0;0;0;0;0;0;0;0;1;0;0;0;0;0;0;1;0;0;0;0;0;0;0;0;0;0;0;0;0;0;0;0;0;0;0;0;0;0;0;0;0;0;0;0;0;0;0;0
Xylhyp1;17;Xylaria hypoxylon;Saprotroph;Ascomycota;Sordariomycetes;Xylariales;Xylariaceae;Xylaria;8;1;3;1;2;2;0;1;4;2;1;3;3;2;4;4;3;2;1;0;0;4;1;4;1;0;1;1;1;0;1;0;0;0;0;0;0;1;0;0;1;0;0;0;0;1;0;0;0;0;1;0;0;0;0;0;0;0;0;0;0;0;0;0;0;0;0;0;0;0;0;0;0;0;0;0;0;0;0;0;0;0;0;0;0;0;0;0;0;1
Cenge3;18;Cenococcum geophilum;Ectomycorrhizae;Ascomycota;Dothideomycetes;;Gloniaceae;Cenococcum;6;1;0;0;1;0;0;0;1;1;1;0;3;0;5;1;2;2;0;0;0;1;0;1;1;0;0;0;0;0;0;0;0;0;0;0;0;0;0;0;0;0;0;0;0;0;0;0;0;0;0;0;0;0;0;0;1;0;0;0;0;0;0;0;0;0;0;0;0;0;0;0;0;0;0;0;0;0;0;0;0;0;0;0;0;0;0;0;0;0
Glost2;19;Glonium stellatum;Saprotroph;Ascomycota;Dothideomycetes;;Gloniaceae;Glonium;7;1;0;1;3;0;0;0;1;1;1;1;1;0;10;3;2;0;0;0;0;0;0;1;2;0;0;1;0;0;1;0;0;0;0;0;0;0;0;0;0;0;0;0;0;0;0;0;0;0;0;0;0;0;0;0;1;0;0;1;0;0;0;0;0;0;0;0;0;0;0;0;0;0;0;0;0;0;0;0;0;0;0;0;0;0;0;0;0;0
Leppa1;20;Lepidopterella palustris;Saprotroph;Ascomycota;Dothideomycetes;Mytilinidiales;Argynnaceae;Lepidopterella;5;0;0;1;0;1;0;0;1;1;1;1;3;0;4;2;2;0;0;0;0;2;0;0;1;0;0;1;0;0;0;0;0;0;0;0;0;0;0;0;0;0;0;0;0;0;0;0;0;0;0;0;0;0;0;0;0;0;0;1;0;0;0;0;0;0;0;0;0;0;0;1;0;0;0;0;0;0;0;0;0;0;0;0;0;0;0;0;0;0
Stasp1;21;Stagonospora sp.;Pathogen;Ascomycota;Dothideomycetes;Pleosporales;Massarinaceae;Stagonospora;5;1;1;1;3;1;0;0;4;5;2;2;3;2;7;4;3;0;0;2;0;7;2;2;4;2;1;1;1;1;0;0;0;1;0;0;0;1;0;0;0;0;0;0;0;0;1;0;0;0;1;0;0;0;0;0;0;0;0;0;0;0;0;0;0;0;0;0;0;0;0;0;0;0;0;0;0;0;0;0;0;0;0;0;0;0;0;0;0;0
Altal1;22;Alternaria alternata;Pathogen;Ascomycota;Dothideomycetes;Pleosporales;Pleosporaceae;Alternaria;3;1;1;2;3;0;0;0;2;3;2;2;6;0;7;2;2;1;1;2;1;6;1;3;1;3;1;3;1;0;0;0;0;0;0;0;0;0;0;0;0;0;0;0;0;0;0;0;0;0;0;0;0;0;0;0;0;0;0;0;0;0;0;0;0;0;0;0;0;0;0;0;0;0;0;0;0;0;0;0;0;0;0;0;0;0;0;0;0;0
Aurpu_var_pul1;23;Aureobasidium pullulans;Saprotroph;Ascomycota;Dothideomycetes;Dothideales;Saccotheciaceae;Aureobasidium;4;1;3;0;1;1;0;0;1;1;1;1;1;0;6;2;2;1;0;0;0;0;0;1;1;0;0;0;0;0;1;0;0;0;0;0;0;0;0;0;0;0;0;0;0;0;0;0;0;0;0;0;0;0;0;0;0;0;0;0;0;0;0;0;0;0;0;0;0;0;0;0;0;0;0;0;0;0;0;0;0;0;0;0;0;0;0;0;0;0
Clafu1;24;Cladosporium fulvum;Pathogen;Ascomycota;Dothideomycetes;Capnodiales;Mycosphaerellaceae;Passalora;5;1;0;0;1;1;0;0;1;1;0;1;8;1;9;1;2;2;0;0;0;3;1;0;3;0;0;0;1;0;0;0;0;0;0;0;0;1;0;1;1;0;0;0;0;1;0;0;0;0;0;0;0;0;0;0;0;0;0;0;1;0;0;0;0;0;0;0;0;0;0;0;0;0;0;0;0;0;0;0;0;0;0;0;0;0;0;0;0;0
Aspcl1;25;Aspergillus clavatus;Saprotroph;Ascomycota;Eurotiomycetes;Eurotiales;Aspergillaceae;Aspergillus;6;1;2;0;2;2;0;0;2;0;1;1;2;1;9;2;0;1;0;0;0;1;0;0;0;1;0;1;0;1;0;0;0;0;1;0;0;0;0;0;1;0;0;0;0;0;0;0;0;0;0;0;0;0;0;0;0;0;0;0;0;0;0;0;0;0;0;0;0;0;0;0;0;0;0;0;0;0;0;0;0;0;0;0;0;0;0;0;0;0
Aspfl1;26;Aspergillus flavus;Pathogen;Ascomycota;Eurotiomycetes;Eurotiales;Aspergillaceae;Aspergillus;11;1;2;0;0;1;0;0;2;1;4;4;2;0;8;4;1;0;0;0;1;1;0;0;1;2;0;4;0;1;0;0;0;0;1;0;0;1;0;0;1;0;0;0;0;1;1;1;0;0;0;0;0;0;0;0;0;0;0;0;0;0;0;0;0;0;0;0;0;0;0;0;0;0;0;0;0;0;0;0;0;0;0;0;0;0;0;0;0;0
Artbe1;27;Arthroderma benhamiae;Pathogen;Ascomycota;Eurotiomycetes;Onygenales;Arthrodermataceae;Trichophyton;5;0;0;0;0;0;0;0;1;5;2;4;8;0;7;1;1;1;0;0;0;2;0;0;2;0;0;1;0;5;1;0;0;0;1;1;1;1;1;1;1;1;0;0;0;0;0;0;0;0;0;0;0;0;0;0;0;0;0;0;0;0;0;0;0;0;0;0;0;0;0;0;0;0;0;0;0;0;0;0;0;0;0;0;0;0;0;0;0;0
Usnflo1;28;Usnea florida;Endophyte;Ascomycota;Lecanoromycetes;Lecanorales;Parmeliaceae;Usnea;5;1;0;0;1;0;0;0;0;1;1;0;2;0;7;1;1;2;0;1;0;0;0;1;0;0;0;0;0;0;0;0;0;0;0;0;0;0;0;0;0;0;0;0;0;0;0;0;0;0;0;0;0;0;0;0;0;0;0;0;0;0;0;0;0;0;0;0;0;0;0;0;0;0;0;0;0;0;0;0;0;0;0;0;0;0;0;0;0;0
Xylhe1;29;Xylona heveae;Endophyte;Ascomycota;Xylonomycetes;Xylonomycetales;Xylonomycetaceae;Xylona;6;1;0;0;0;0;0;0;0;1;1;0;2;0;6;0;0;1;0;0;0;1;0;0;0;0;0;0;0;0;0;0;0;0;0;0;0;0;0;0;0;0;0;0;0;0;0;0;0;0;0;0;0;0;0;0;0;0;0;0;0;0;0;0;0;0;0;0;0;0;0;0;0;0;0;0;0;0;0;0;0;0;0;0;0;0;0;0;0;0
Tubma1;30;Tuber magnatum;Ectomycorrhizae;Ascomycota;Pezizomycetes;Pezizales;Tuberaceae;Tuber;1;0;0;1;1;1;0;0;2;0;1;0;2;0;2;2;0;0;0;0;0;1;0;1;0;0;0;1;0;1;0;0;0;0;1;0;0;0;0;0;4;0;0;0;1;0;0;0;0;0;0;0;0;0;0;0;0;0;0;0;0;0;0;0;0;0;0;0;0;0;0;0;0;0;0;0;0;0;0;0;0;0;0;0;0;0;0;0;0;0
Tubae1;31;Tuber aestivum;Ectomycorrhizae;Ascomycota;Pezizomycetes;Pezizales;Tuberaceae;Tuber;2;0;0;1;1;1;0;0;2;0;0;0;3;0;3;2;0;0;0;0;0;1;0;0;0;0;0;0;0;0;0;0;0;0;1;0;0;0;0;0;2;1;0;0;0;0;0;0;0;0;0;0;0;0;0;0;0;0;0;0;0;0;0;0;0;0;0;0;0;0;0;0;0;0;0;0;0;0;0;0;0;0;0;0;0;0;0;0;0;0
Tubme1v2;32;Tuber melanosporum;Ectomycorrhizae;Ascomycota;Pezizomycetes;Pezizales;Tuberaceae;Tuber;1;1;0;2;2;1;0;0;2;0;1;0;4;0;2;2;0;0;0;0;0;1;0;0;0;0;0;1;0;0;0;0;0;0;1;0;0;0;0;0;2;0;0;0;0;0;0;0;0;0;0;0;0;0;0;0;0;0;0;0;0;0;0;0;0;0;0;0;0;0;0;0;0;0;0;0;0;0;0;0;0;0;0;0;0;0;0;1;0;0
Tubbor1;33;Tuber borchii;Ectomycorrhizae;Ascomycota;Pezizomycetes;Pezizales;Tuberaceae;Tuber;0;1;0;5;1;1;0;0;2;0;1;0;2;0;2;2;0;0;0;0;0;1;0;0;1;0;0;1;0;0;0;0;0;0;0;0;0;0;0;0;1;0;0;0;0;0;0;0;0;0;0;0;0;0;0;0;0;0;0;0;0;0;0;0;0;0;0;0;0;0;0;0;0;0;0;0;0;0;0;0;0;0;0;0;0;0;0;0;0;0
Chove1;34;Choiromyces venosus;Ectomycorrhizae;Ascomycota;Pezizomycetes;Pezizales;Tuberaceae;Choiromyces;2;1;0;9;1;0;0;0;2;0;2;0;5;0;3;1;0;0;0;1;0;1;0;1;0;0;0;1;0;0;0;0;0;0;1;0;0;0;0;0;1;0;0;0;0;0;0;0;0;0;0;0;0;0;0;0;0;0;0;0;0;0;0;0;0;0;0;0;0;0;0;0;0;0;0;0;0;0;0;0;0;0;0;0;0;0;0;0;0;0
Morco1;35;Morchella importuna.C;Saprotroph;Ascomycota;Pezizomycetes;Pezizales;Morchellaceae;Morchella;1;1;0;0;3;1;0;0;0;1;1;0;5;0;2;2;0;1;0;1;0;0;1;0;1;0;0;2;0;0;0;0;0;0;0;0;0;0;1;0;1;0;0;0;0;0;0;0;0;0;0;0;0;0;0;0;0;0;0;0;0;0;0;1;0;0;0;0;0;0;0;0;0;0;0;0;0;0;0;0;0;0;0;0;0;0;0;0;0;0
Morimp1;36;Morchella importuna;Saprotroph;Ascomycota;Pezizomycetes;Pezizales;Morchellaceae;Morchella;1;1;0;0;1;1;0;0;1;1;1;0;5;0;2;3;0;1;0;1;0;2;1;0;1;0;0;1;0;0;0;0;0;0;0;0;0;0;1;0;1;0;0;0;0;0;0;0;0;0;0;0;0;0;0;0;0;0;0;0;0;0;0;0;0;0;0;0;0;0;0;0;0;0;0;0;0;0;0;0;0;0;0;0;0;0;0;0;0;0
Gyresc1;37;Gyromitra esculenta;Saprotroph;Ascomycota;Pezizomycetes;Pezizales;Discinaceae;Gyromitra;1;1;0;0;1;1;0;0;2;1;2;1;6;0;3;2;0;1;0;1;0;2;1;0;1;0;0;1;0;1;0;0;0;0;0;0;0;0;0;0;1;0;0;0;0;1;0;0;0;0;0;0;0;0;0;0;0;0;0;0;0;0;0;0;0;0;0;0;0;0;0;0;0;0;0;0;0;0;0;0;0;0;0;0;0;0;0;0;0;0
Calful1;38;Caloscypha fulgens;Saprotroph;Ascomycota;Pezizomycetes;Pezizales;Caloscyphaceae;Caloscypha;2;0;0;0;1;0;0;0;1;1;0;0;5;0;2;3;0;1;0;1;0;2;0;0;0;0;0;0;0;1;0;0;0;0;1;0;0;0;1;0;0;0;0;1;0;0;0;0;0;0;0;0;0;0;0;1;0;0;0;0;0;0;0;0;0;0;0;0;0;0;0;0;0;0;0;0;0;0;0;0;0;0;0;0;0;0;0;0;0;0
Wilmi1;39;Wilcoxina mikolae;Ectomycorrhizae;Ascomycota;Pezizomycetes;Pezizales;Pyronemataceae;Wilcoxina;1;0;0;0;0;0;0;0;4;1;1;1;3;0;1;2;0;0;0;0;0;0;0;1;1;0;0;2;0;0;0;0;0;0;0;0;0;0;0;0;1;0;0;0;0;0;0;0;0;0;0;0;0;0;0;0;0;0;0;0;0;0;0;0;0;0;0;0;0;0;0;0;0;0;0;0;0;0;0;0;0;0;0;0;0;0;0;0;0;0
Trihyb1;40;Trichophaea hybrida;Ectomycorrhizae;Ascomycota;Pezizomycetes;Pezizales;Pyronemataceae;Trichophaea;2;0;0;0;2;0;1;0;2;1;1;0;5;0;0;2;0;0;0;0;0;0;0;0;0;0;0;2;0;0;0;0;0;0;0;0;0;0;0;0;0;0;0;0;0;0;0;0;0;0;0;0;0;0;0;0;0;0;0;0;0;0;0;0;0;1;0;0;0;0;0;0;0;0;0;0;0;0;0;0;0;0;0;0;0;0;0;0;0;0
Pyrco1;41;Pyronema confluens;Saprotroph;Ascomycota;Pezizomycetes;Pezizales;Pyronemataceae;Pyronema;2;0;0;1;3;0;0;0;5;2;0;2;7;0;2;2;1;0;0;0;0;1;0;0;1;0;0;0;0;1;0;0;0;1;1;0;0;0;0;0;1;0;0;1;0;0;0;0;0;0;0;0;0;0;0;0;0;1;0;0;0;0;0;0;0;0;0;0;0;0;0;1;0;0;0;0;0;0;0;0;0;0;0;0;0;0;0;0;0;0
Sarco1;42;Sarcoscypha coccinea;Saprotroph;Ascomycota;Pezizomycetes;Pezizales;Sarcoscyphaceae;Sarcoscypha;4;0;0;0;0;0;0;0;3;2;0;1;4;0;5;3;0;1;0;1;0;1;1;0;5;0;0;3;0;1;0;0;0;1;2;0;0;0;1;0;0;0;0;0;0;0;0;0;0;0;0;0;0;0;0;0;0;0;0;0;0;0;0;0;0;0;0;0;0;0;0;0;0;0;0;0;0;0;0;0;0;0;0;0;0;0;0;0;0;0
Kalpfe1;43;Kalaharituber pfeilii;Ectomycorrhizae;Ascomycota;Pezizomycetes;Pezizales;Pezizaceae;Kalaharituber;4;2;0;3;1;0;0;0;5;1;1;1;5;0;2;1;0;0;0;1;0;2;0;0;1;0;0;1;0;1;1;0;0;1;0;0;0;0;0;0;1;0;0;0;0;1;0;0;0;0;0;0;0;0;0;0;0;0;0;0;0;0;0;0;0;0;0;0;0;0;0;0;0;0;0;0;0;0;0;0;0;0;0;0;0;0;0;0;0;0
Terbo2;44;Terfezia boudieri;Ectomycorrhizae;Ascomycota;Pezizomycetes;Pezizales;Pezizaceae;Terfezia;1;1;0;0;0;0;0;0;2;1;0;1;3;0;2;0;0;0;0;0;0;1;0;0;0;0;0;0;0;0;0;0;0;0;0;0;0;0;0;0;0;0;0;0;0;0;0;0;0;0;0;0;0;0;0;0;0;0;0;0;0;0;0;0;0;0;0;0;0;0;0;0;0;0;0;0;0;0;0;0;0;0;0;0;0;0;0;0;0;0
Ascim1;45;Ascobolus immersus;Saprotroph;Ascomycota;Pezizomycetes;Pezizales;Ascobolaceae;Ascobolus;1;1;0;4;1;0;0;0;3;0;0;0;3;0;2;0;0;0;0;2;0;2;1;0;0;0;0;1;0;0;3;0;0;1;0;0;0;0;0;0;0;0;0;0;0;0;0;0;0;0;0;0;0;0;0;0;0;0;0;0;0;0;0;0;0;0;0;0;0;0;0;0;0;0;0;0;0;0;0;0;0;0;0;0;0;0;0;0;0;0
Monha1;46;Monacrosporium haptotylum;Parasite;Ascomycota;Orbiliomycetes;Orbiliales;Orbiliaceae;Dactylellina;9;0;0;2;1;0;0;0;5;2;1;0;24;0;11;2;1;0;0;4;0;3;0;1;4;0;0;0;0;0;1;0;0;0;0;1;0;0;0;0;1;0;0;3;0;0;0;0;0;0;0;0;0;0;0;0;0;0;0;0;0;0;0;0;0;0;0;0;0;0;0;0;0;0;0;0;0;0;0;0;0;0;0;0;0;0;0;0;0;0
Artol1;47;Arthrobotrys oligospora;Parasite;Ascomycota;Orbiliomycetes;Orbiliales;Orbiliaceae;Arthrobotrys;5;0;0;0;1;0;0;0;6;1;1;0;16;0;2;1;1;0;0;2;0;2;0;0;2;0;0;0;0;0;1;0;0;0;0;0;0;0;0;0;1;0;1;2;0;0;0;0;0;0;0;0;0;0;0;0;0;0;0;0;0;0;0;0;0;0;0;0;0;0;0;0;0;0;0;0;0;0;0;0;0;0;0;0;0;0;0;0;0;0
Wican1;48;Wickerhamomyces anomalus;Yeast;Ascomycota;Saccharomycetes;Saccharomycetales;Phaffomycetaceae;Wickerhamomyces;6;0;0;0;1;2;0;0;1;0;0;0;2;0;1;0;0;0;0;0;0;0;0;0;0;0;0;0;0;0;0;0;0;0;0;0;0;0;0;0;0;0;0;0;0;0;0;0;0;0;0;0;0;0;0;0;0;0;0;0;0;0;0;0;0;0;0;0;0;0;0;0;0;0;0;0;0;0;0;0;0;0;0;0;0;0;0;0;0;0
SacceM3837_1;49;Saccharomyces cerevisiae;Yeast;Ascomycota;Saccharomycetes;Saccharomycetales;Saccharomycetaceae;Saccharomyces;6;0;0;0;0;0;0;0;1;0;0;0;2;0;2;0;0;0;1;0;0;0;0;0;0;0;0;0;0;0;1;0;0;0;0;0;0;0;0;0;0;0;0;0;0;0;0;0;0;0;0;0;0;0;0;0;0;0;0;0;0;0;0;0;0;0;0;0;0;0;0;0;0;0;0;0;0;0;0;0;0;0;0;0;0;0;0;0;0;0
Canta1;50;Candida tanzawaensis;Yeast;Ascomycota;Saccharomycetes;Saccharomycetales;Debaryomycetaceae;;7;0;0;0;0;1;0;0;0;2;0;0;3;0;1;0;0;0;1;0;0;0;0;0;0;0;0;0;0;0;0;0;0;0;0;0;0;0;0;0;0;0;0;0;0;0;0;0;0;0;0;0;0;0;0;0;0;0;0;0;0;0;0;0;0;0;0;0;0;0;0;0;0;0;0;0;0;0;0;0;0;0;0;0;0;0;0;0;0;0
Tapde1_1;51;Taphrina deformans;Pathogen;Ascomycota;Taphrinomycetes;Taphrinales;Taphrinaceae;Taphrina;2;0;0;0;0;1;0;0;0;1;0;0;1;0;2;1;1;0;0;0;0;1;0;0;0;0;0;0;0;0;0;0;0;0;0;0;0;0;0;0;0;1;0;0;0;0;0;0;0;0;0;0;0;0;0;0;0;0;0;0;0;0;0;0;0;0;0;0;0;0;0;0;0;0;0;0;0;0;0;0;0;0;0;0;0;0;0;0;0;0
Lacam2;52;Laccaria amethystina;Ectomycorrhizae;Basidiomycota;Agaricomycetes;Agaricales;Tricholomataceae;Laccaria;9;0;0;0;1;0;0;0;0;2;1;0;1;1;5;2;3;0;2;0;0;1;0;2;3;0;0;0;0;2;1;0;1;0;0;0;0;0;0;0;0;0;0;0;0;1;0;0;0;0;0;1;0;0;0;0;0;0;0;0;0;0;0;0;0;0;0;0;0;0;0;1;0;0;0;0;0;0;0;0;0;0;0;0;0;0;0;0;0;0
Lacbi2;53;Laccaria bicolor;Ectomycorrhizae;Basidiomycota;Agaricomycetes;Agaricales;Tricholomataceae;Laccaria;10;0;0;0;1;0;0;0;0;2;0;0;1;2;4;1;1;0;0;0;0;1;0;1;3;0;0;0;0;5;1;0;1;0;0;0;0;0;0;0;0;0;0;0;0;1;0;0;0;0;0;1;0;0;0;0;0;0;0;0;0;0;0;0;0;0;0;0;0;0;0;0;1;0;0;0;0;0;0;0;0;0;0;0;0;0;0;0;0;0
Copci1;54;Coprinopsis cinerea;Saprotroph;Basidiomycota;Agaricomycetes;Agaricales;Psathyrellaceae;Coprinopsis;3;0;0;3;3;0;0;0;6;6;0;0;7;0;3;1;0;0;3;2;0;1;0;1;19;0;0;0;0;7;1;0;0;0;0;0;0;0;0;0;0;0;0;0;0;0;0;0;0;0;0;0;0;0;0;0;0;0;0;0;0;0;0;0;1;0;0;0;0;0;0;0;0;0;0;0;0;0;0;0;0;0;0;0;0;0;0;0;0;0
Copmic2;55;Coprinellus micaceus;Saprotroph;Basidiomycota;Agaricomycetes;Agaricales;Psathyrellaceae;Coprinellus;2;1;0;5;3;1;0;0;4;3;1;0;16;1;5;3;1;0;1;1;0;1;0;0;11;0;0;0;0;7;5;0;0;0;0;0;0;0;0;0;0;0;0;0;0;0;0;0;0;0;0;0;0;0;0;0;0;0;0;0;0;0;0;0;1;0;0;0;0;0;0;0;0;0;0;0;0;0;0;0;0;0;0;0;0;0;0;0;0;0
Hypsu1;56;Hypholoma sublateritium;Wood decayer;Basidiomycota;Agaricomycetes;Agaricales;Strophariaceae;Hypholoma;12;1;2;0;4;0;0;0;2;3;1;1;2;1;12;3;5;0;1;4;0;1;1;1;1;0;0;0;0;5;2;0;0;1;0;0;0;0;0;0;0;0;0;0;0;0;0;0;0;0;0;1;0;0;0;0;0;0;0;0;0;0;0;0;0;0;0;0;0;0;0;0;0;0;0;0;0;0;0;0;0;0;0;0;0;0;0;0;0;0
Hebcy2;57;Hebeloma cylindrosporum;Ectomycorrhizae;Basidiomycota;Agaricomycetes;Agaricales;Cortinariaceae;Hebeloma;6;1;0;1;3;0;0;0;1;4;0;0;4;0;9;3;0;0;1;0;0;0;0;2;5;0;0;0;0;3;2;0;0;0;0;0;0;0;0;0;0;0;0;0;0;0;0;0;0;0;0;1;0;0;0;0;0;0;0;0;0;0;0;0;0;0;0;0;1;0;0;0;0;0;0;0;0;0;0;0;0;0;0;0;0;0;0;0;0;0
Corgl3;58;Cortinarius glaucopus;Ectomycorrhizae;Basidiomycota;Agaricomycetes;Agaricales;Cortinariaceae;Cortinarius;11;0;0;0;3;0;0;0;0;3;0;0;1;0;6;2;3;0;0;0;0;1;0;1;0;0;0;0;0;1;3;0;0;0;0;0;0;0;0;0;0;0;0;0;0;0;0;0;0;0;0;0;0;0;0;0;0;0;0;0;0;0;0;0;0;0;0;0;0;0;0;0;0;0;0;0;0;0;0;0;0;0;0;0;0;0;0;0;0;0
Crula1;59;Crucibulum laeve;Saprotroph;Basidiomycota;Agaricomycetes;Agaricales;Nidulariaceae;Crucibulum;9;0;0;1;4;0;0;1;2;5;0;0;3;0;14;4;2;0;2;1;0;1;0;1;6;0;0;0;0;5;1;0;1;0;0;0;0;0;0;0;0;0;0;0;0;0;0;0;0;0;0;0;0;0;0;0;0;0;0;1;0;0;0;0;0;0;0;0;0;0;0;0;0;0;0;0;0;0;0;0;0;0;0;0;0;0;0;0;0;0
Trima3;60;Tricholoma matsutake;Ectomycorrhizae;Basidiomycota;Agaricomycetes;Agaricales;Tricholomataceae;Tricholoma;7;0;0;0;1;0;0;0;0;3;0;0;1;0;6;3;0;0;1;0;0;1;0;1;1;0;0;0;0;3;0;0;0;0;0;0;0;0;0;0;0;0;0;0;0;0;0;0;0;0;0;0;0;0;0;0;0;0;0;0;0;0;0;0;0;1;0;1;0;0;0;0;0;0;0;0;0;0;0;0;0;0;0;0;0;0;0;0;0;0
Amath1;61;Amanita thiersii;Saprotroph;Basidiomycota;Agaricomycetes;Agaricales;Amanitaceae;Amanita;8;0;0;0;2;0;0;0;3;5;0;10;7;1;12;3;0;1;0;0;0;0;0;1;10;0;0;0;0;6;5;2;0;0;0;0;0;0;0;0;0;0;0;0;0;0;0;0;0;0;0;0;0;0;0;0;0;0;0;0;0;0;0;0;0;0;0;0;0;0;0;0;0;0;0;0;0;0;0;0;0;0;0;0;0;0;0;0;0;0
Amamu1;62;Amanita muscaria;Ectomycorrhizae;Basidiomycota;Agaricomycetes;Agaricales;Amanitaceae;Amanita;22;0;9;0;1;0;0;0;0;2;0;0;4;0;10;2;0;0;1;0;0;0;0;2;0;0;0;0;0;2;2;0;0;0;0;0;0;0;0;0;0;0;0;0;0;0;0;0;0;0;0;0;0;0;0;0;0;0;0;0;0;0;0;0;0;0;0;0;0;0;0;0;0;0;0;0;0;0;0;0;0;0;0;0;0;0;0;0;0;0
Plucer1;63;Pluteus cervinus;Saprotroph;Basidiomycota;Agaricomycetes;Agaricales;Pluteaceae;Pluteus;10;0;0;0;3;0;0;0;0;4;1;5;8;2;7;3;2;0;1;0;0;0;0;1;10;0;0;0;0;6;2;0;0;0;0;0;0;0;0;0;0;0;0;0;0;0;0;0;0;0;0;0;0;0;0;0;0;0;0;0;0;0;0;0;0;0;0;0;0;0;0;0;0;0;0;0;0;0;0;0;0;0;0;0;0;0;0;0;0;0
Gyman1;64;Gymnopus androsaceus;Saprotroph;Basidiomycota;Agaricomycetes;Agaricales;Omphalotaceae;Gymnopus;16;0;9;0;5;1;0;1;0;4;0;0;1;0;9;3;10;1;2;0;0;1;0;0;0;0;0;0;0;0;0;0;0;1;0;0;0;0;0;0;0;0;0;0;0;0;0;0;0;0;0;0;0;0;0;0;0;0;0;0;0;0;0;0;0;0;0;1;0;0;0;0;0;0;0;0;0;0;0;0;0;0;0;0;0;0;0;0;0;0
Ompol1;65;Omphalotus olearius;Saprotroph;Basidiomycota;Agaricomycetes;Agaricales;Omphalotaceae;Omphalotus;16;0;1;0;3;0;0;0;0;3;0;0;1;0;8;0;6;0;0;0;0;0;0;0;0;0;0;1;0;1;0;0;1;0;0;0;0;0;0;0;0;0;0;0;0;1;0;0;0;0;0;0;0;0;0;0;0;0;0;0;0;0;0;0;0;0;0;0;0;0;0;0;0;0;0;0;0;0;0;0;0;0;0;0;0;0;0;0;0;0
Marfi1;66;Marasmius fiardii;Saprotroph;Basidiomycota;Agaricomycetes;Agaricales;Marasmiaceae;Marasmius;6;0;0;0;4;0;0;0;2;7;0;4;2;0;14;4;4;0;1;1;0;1;0;0;0;0;0;0;0;13;3;0;0;0;1;0;0;0;0;0;0;0;0;0;0;0;0;0;0;0;0;1;0;0;0;0;0;0;0;0;0;0;0;0;0;0;0;0;0;0;0;0;0;0;0;0;0;0;0;0;0;0;0;0;0;0;0;0;0;0
Monpe1_1;67;Moniliophthora perniciosa;Pathogen;Basidiomycota;Agaricomycetes;Agaricales;Marasmiaceae;Moniliophthora;1;0;0;0;1;0;0;0;0;2;0;2;0;0;4;1;0;0;0;1;0;0;0;0;0;0;0;0;0;1;0;0;0;0;0;0;0;0;0;0;0;0;0;0;0;0;0;0;0;0;0;0;0;0;0;0;0;0;0;0;0;0;0;0;0;0;0;0;0;0;0;0;0;0;0;0;1;0;0;0;0;0;0;0;0;0;0;0;0;0
Armga1;68;Armillaria gallica;Pathogen;Basidiomycota;Agaricomycetes;Agaricales;Physalacriaceae;Armillaria;15;1;0;0;2;0;0;0;1;4;1;3;4;0;10;8;3;0;2;0;0;1;0;1;3;0;0;0;0;7;3;0;1;2;0;0;0;0;0;0;0;0;0;0;0;0;0;0;0;0;0;0;0;0;0;0;0;0;0;0;0;0;0;0;0;0;0;0;0;0;0;0;0;0;0;0;0;0;0;0;0;0;0;0;0;0;0;0;0;0
Mycgal1;69;Mycena galopus;Saprotroph;Basidiomycota;Agaricomycetes;Agaricales;Mycenaceae;Mycena;55;1;6;0;3;3;0;0;0;3;1;0;1;2;20;8;15;1;7;0;0;3;0;8;1;0;0;0;0;0;2;0;0;2;0;0;0;0;0;0;0;0;0;0;0;1;0;0;0;0;0;1;0;0;0;1;0;0;0;1;0;0;0;0;0;3;0;0;0;0;0;0;0;0;0;0;0;0;0;0;0;0;0;0;0;0;0;0;0;0
PleosPC15_2;70;Pleurotus ostreatus;Wood decayer;Basidiomycota;Agaricomycetes;Agaricales;Pleurotaceae;Pleurotus;8;1;0;0;1;0;1;0;0;6;0;1;3;0;5;4;1;0;1;2;0;1;0;0;5;0;0;0;0;4;2;0;0;0;0;0;0;0;0;0;0;0;0;0;0;0;0;0;0;0;0;1;0;0;0;0;0;0;0;1;0;0;0;0;0;0;0;0;0;0;0;0;0;0;0;0;1;0;0;0;0;0;0;0;0;0;0;0;0;0
Schco3;71;Schizophyllum commune;Wood decayer;Basidiomycota;Agaricomycetes;Agaricales;Schizophyllaceae;Schizophyllum;13;1;1;0;5;0;0;0;1;4;2;4;1;1;5;3;2;1;1;1;0;2;0;1;2;0;0;0;0;4;0;0;0;0;0;0;0;0;0;0;0;0;0;0;0;1;0;0;0;0;0;0;0;0;0;0;0;0;0;0;0;0;0;0;0;0;0;0;0;0;0;0;0;0;0;0;0;0;0;0;0;0;1;0;0;0;0;0;0;0
Paxru2;72;Paxillus adelphus;Ectomycorrhizae;Basidiomycota;Agaricomycetes;Boletales;Paxillaceae;Paxillus;13;1;0;1;2;0;0;0;0;1;0;0;1;1;5;2;2;0;1;0;0;0;0;0;0;0;0;0;0;0;0;0;0;0;0;0;0;0;0;0;0;0;0;0;0;0;0;0;0;0;0;0;0;0;0;0;0;0;0;0;0;0;0;0;0;0;0;0;0;0;0;0;0;0;0;0;0;0;0;0;0;0;0;0;0;0;0;0;0;0
Paxin1;73;Paxillus involutus;Ectomycorrhizae;Basidiomycota;Agaricomycetes;Boletales;Paxillaceae;Paxillus;14;0;1;0;1;0;2;0;0;2;0;0;1;0;8;2;1;0;1;0;0;0;0;0;0;0;0;0;0;1;0;0;0;0;0;0;0;0;0;0;0;0;0;0;0;0;0;0;0;0;0;1;0;0;0;0;0;0;0;0;0;0;0;1;0;0;0;0;0;0;0;0;0;0;0;0;0;1;0;0;0;0;0;0;0;0;0;0;0;0
Gyrli1;74;Gyrodon lividus;Ectomycorrhizae;Basidiomycota;Agaricomycetes;Boletales;Gyrodontaceae;Gyrodon;133;1;1;0;1;2;0;0;0;3;0;0;1;0;6;2;2;0;2;0;0;0;0;0;0;0;0;0;0;1;0;0;0;0;0;0;0;0;0;0;0;0;0;0;0;0;0;0;0;0;0;1;0;0;0;0;0;0;0;0;0;0;0;0;0;0;0;0;0;0;0;0;0;0;0;0;0;0;0;0;0;0;0;0;0;0;0;0;0;0
Xerba1;75;Xerocomus badius;Ectomycorrhizae;Basidiomycota;Agaricomycetes;Boletales;Boletaceae;Xerocomus;20;1;5;0;1;0;0;0;0;1;1;0;0;1;4;2;1;0;0;0;0;0;0;1;0;0;0;0;0;0;0;0;0;0;0;0;0;0;0;0;0;0;0;0;0;0;0;0;0;0;0;1;0;0;0;0;0;0;0;0;0;0;0;0;0;0;0;0;0;0;0;0;0;0;0;0;0;0;0;0;0;0;0;0;0;0;0;0;0;0
Boled5;76;Boletus edulis;Ectomycorrhizae;Basidiomycota;Agaricomycetes;Boletales;Boletaceae;Boletus;27;1;32;0;1;0;0;0;0;2;0;0;1;0;12;2;1;0;0;0;0;0;0;0;0;0;0;0;0;2;0;0;0;0;0;0;0;0;0;0;1;0;0;0;0;1;0;0;0;0;0;1;1;1;1;0;0;0;0;0;0;0;0;0;0;0;0;0;0;0;0;0;0;0;0;0;0;0;0;0;0;0;0;0;0;0;0;0;0;0
Pismi1;77;Pisolithus microcarpus;Ectomycorrhizae;Basidiomycota;Agaricomycetes;Boletales;Pisolithaceae;Pisolithus;9;0;0;0;0;0;0;0;0;1;0;0;1;0;3;2;0;0;0;0;0;0;0;1;0;0;0;1;0;1;0;0;0;0;0;0;0;0;0;0;0;0;0;0;0;0;0;0;0;0;0;0;0;0;0;0;0;0;0;0;0;0;0;0;0;0;0;0;0;0;0;0;0;0;0;0;0;0;0;0;0;0;0;0;0;0;0;0;0;0
Sclci1;78;Scleroderma citrinum;Ectomycorrhizae;Basidiomycota;Agaricomycetes;Boletales;Sclerodermataceae;Scleroderma;11;1;0;0;1;1;0;0;0;2;1;0;1;1;7;2;1;0;1;0;0;0;0;0;0;0;0;0;0;1;0;0;0;0;0;0;0;0;0;0;0;0;0;0;0;0;0;0;0;0;0;0;0;0;0;0;0;0;0;0;0;0;0;0;0;0;0;0;0;0;0;0;0;0;0;0;0;1;0;0;0;0;0;0;0;0;0;0;0;0
Suilu4;79;Suillus luteus;Ectomycorrhizae;Basidiomycota;Agaricomycetes;Boletales;Suillaceae;Suillus;21;1;0;0;1;0;0;0;0;3;1;0;1;0;7;2;0;0;0;0;0;0;0;1;0;0;0;0;0;1;0;0;0;0;0;0;0;0;0;0;0;0;0;0;0;1;0;0;0;0;0;0;0;0;1;0;0;0;0;0;0;0;0;0;0;0;0;0;1;0;0;0;0;0;0;0;0;0;0;0;0;0;0;0;0;0;0;0;0;0
Suibr2;80;Suillus brevipes;Ectomycorrhizae;Basidiomycota;Agaricomycetes;Boletales;Suillaceae;Suillus;23;1;0;0;1;1;0;0;0;4;1;0;1;1;8;3;1;0;2;0;0;0;0;0;0;0;0;0;0;1;0;0;0;0;0;0;0;0;0;0;0;0;0;0;0;1;0;0;0;0;0;0;0;0;0;0;0;0;0;0;0;0;0;0;0;0;0;0;1;0;0;0;0;0;0;0;0;0;0;0;0;0;0;0;0;0;0;0;0;0
Conpu1;81;Coniophora puteana;Wood decayer;Basidiomycota;Agaricomycetes;Boletales;Coniophoraceae;Coniophora;29;1;14;0;1;0;0;0;0;5;0;0;1;1;5;5;5;0;0;0;0;0;0;0;0;0;0;0;0;3;0;0;0;0;0;0;0;0;0;0;0;0;0;0;0;0;0;0;0;0;0;0;0;0;0;0;0;0;0;0;0;0;0;1;0;0;0;0;0;0;0;0;0;0;0;0;0;0;0;0;0;0;0;0;0;0;0;0;0;0
SerlaS7_3_2;82;Serpula lacrymans;Wood decayer;Basidiomycota;Agaricomycetes;Boletales;Serpulaceae;Serpula;14;1;0;0;0;1;0;0;0;1;0;0;1;1;8;3;3;0;2;0;0;0;0;0;0;0;0;0;0;0;0;0;0;0;0;0;0;0;0;0;1;0;0;0;0;0;0;0;0;0;0;0;0;0;0;0;0;0;0;0;0;0;0;0;0;0;0;0;0;0;0;0;0;0;0;0;0;0;0;0;0;0;0;0;0;0;0;0;0;0
Fibsp1;83;Fibulorhizoctonia sp.;Saprotroph;Basidiomycota;Agaricomycetes;Atheliales;Atheliaceae;Fibularhizoctonia;52;1;9;0;1;0;0;0;0;4;1;0;2;0;16;5;11;1;3;0;0;1;0;1;0;0;0;0;0;0;0;0;0;0;0;0;0;0;0;0;0;0;0;0;0;1;0;0;0;0;0;1;0;0;0;0;0;0;0;0;0;0;0;0;0;2;0;0;0;0;0;0;0;0;0;0;0;0;0;0;0;0;0;0;0;0;0;0;0;0
Pilcr1;84;Piloderma croceum;Ectomycorrhizae;Basidiomycota;Agaricomycetes;Atheliales;Atheliaceae;Piloderma;20;0;0;0;1;0;0;0;0;3;0;0;1;2;10;2;4;0;2;1;0;0;0;1;0;0;0;0;0;1;0;0;0;0;0;0;0;0;0;0;0;0;0;0;0;0;0;0;0;0;0;1;0;0;0;0;0;0;0;0;0;0;0;0;0;0;0;0;0;0;0;0;0;0;0;0;0;0;0;0;0;0;0;0;0;0;0;0;0;0
Plicr1;85;Plicaturopsis crispa;Wood decayer;Basidiomycota;Agaricomycetes;Amylocorticiales;Amylocorticiaceae;Plicaturopsis;20;0;0;0;1;0;0;1;0;3;0;0;1;1;8;3;3;0;3;1;0;1;0;1;3;0;0;1;0;2;0;0;0;0;0;0;0;0;0;0;0;0;0;0;0;0;0;0;0;0;0;0;0;0;0;0;0;0;0;0;0;0;0;0;1;0;0;0;0;0;0;0;0;0;0;0;0;0;0;0;0;1;0;0;0;0;0;0;0;0
Phchr2;86;Phanerochaete chrysosporium;Wood decayer;Basidiomycota;Agaricomycetes;Polyporales;Phanerochaetaceae;Phanerochaete;31;0;11;0;3;2;0;0;1;1;1;1;2;0;17;3;3;0;2;0;0;0;0;0;0;0;0;1;0;1;1;0;0;0;0;0;0;0;0;0;0;0;0;0;0;1;0;0;0;0;0;1;0;0;0;0;0;0;0;0;0;0;0;0;1;0;0;0;0;0;0;0;0;0;0;0;0;0;0;0;0;0;0;0;0;0;0;0;0;0
Phlbr1;87;Phlebia brevispora;Wood decayer;Basidiomycota;Agaricomycetes;Polyporales;Meruliaceae;Phlebia;25;1;0;0;2;1;0;0;0;2;1;0;1;0;14;4;8;0;2;1;0;1;0;0;0;0;0;1;0;1;1;0;0;0;1;0;0;0;0;0;0;0;0;0;0;0;0;0;0;0;0;0;0;0;0;0;0;0;0;0;0;0;0;0;0;0;0;0;0;0;0;0;0;0;0;0;0;0;1;1;0;0;0;0;0;0;0;0;0;0
PosplRSB12_1;88;Postia placenta;Wood decayer;Basidiomycota;Agaricomycetes;Polyporales;Dacryobolaceae;Postia;20;1;0;0;1;0;0;0;0;2;0;0;1;0;11;4;8;0;1;0;0;1;0;0;0;0;0;1;0;0;0;0;0;0;0;0;0;0;0;0;0;0;0;0;0;1;0;0;0;0;0;1;0;0;0;0;0;0;0;0;0;0;0;0;1;0;0;0;0;0;0;0;0;0;0;0;0;0;0;0;0;0;0;0;0;0;0;0;0;0
Thega1;89;Thelephora ganbajun;Ectomycorrhizae;Basidiomycota;Agaricomycetes;Thelephorales;Thelephoraceae;Thelephora;5;0;0;0;1;0;0;0;0;2;0;0;7;1;9;4;0;1;0;1;0;0;0;0;3;0;0;0;0;1;0;0;0;0;0;0;0;0;0;0;0;0;0;0;0;0;0;0;0;0;0;1;0;0;0;0;0;0;0;0;0;0;0;0;0;0;0;0;0;0;0;0;0;0;0;0;0;0;0;0;0;0;0;0;0;0;0;0;0;0
Lenvul1;90;Lentinellus vulpinus;Wood decayer;Basidiomycota;Agaricomycetes;Russulales;Auriscalpiaceae;Lentinellus;10;1;5;0;6;0;0;0;0;3;1;0;2;5;7;3;4;0;2;0;0;1;0;0;1;0;0;0;0;2;1;0;0;0;0;0;0;0;0;0;0;0;0;0;0;0;0;0;0;0;0;1;0;0;0;0;0;0;0;0;0;0;0;0;0;0;0;0;0;0;0;0;0;0;0;0;0;0;0;0;0;0;0;0;0;0;0;0;0;0
Lacqui1;91;Lactarius quietus;Ectomycorrhizae;Basidiomycota;Agaricomycetes;Russulales;Russulaceae;Lactarius;27;0;0;0;3;0;0;0;0;1;1;0;2;0;14;5;18;0;1;0;0;1;0;0;1;0;0;0;0;2;0;0;0;4;0;0;0;0;0;0;0;0;0;0;0;1;0;6;0;0;0;0;0;0;0;0;0;0;0;0;0;0;0;0;0;0;0;0;1;0;0;0;0;1;0;0;0;0;0;0;0;0;0;0;0;0;0;0;0;0
Hetan2;92;Heterobasidion annosum;Pathogen;Basidiomycota;Agaricomycetes;Russulales;Bondarzewiaceae;Heterobasidion;12;1;0;0;4;0;1;1;0;2;1;1;2;1;6;4;1;0;1;0;0;0;0;1;1;0;0;0;0;1;1;0;0;0;0;0;0;0;0;0;0;0;0;0;0;0;0;0;0;0;0;0;0;0;0;0;0;0;0;0;0;0;0;0;0;0;0;0;0;0;0;0;0;0;0;0;0;0;0;0;0;0;0;0;0;0;0;0;0;0
Neole1;93;Neolentinus lepideus;Wood decayer;Basidiomycota;Agaricomycetes;Gloeophyllales;Gloeophyllaceae;Neolentinus;14;1;0;0;2;0;0;0;0;4;1;0;1;0;11;0;1;1;1;0;0;1;0;1;0;0;0;0;0;1;1;0;0;0;0;0;0;0;0;0;0;0;0;0;0;0;0;0;0;0;0;0;0;0;0;0;0;0;0;0;0;0;0;0;0;0;0;0;0;0;0;0;0;0;0;0;0;0;0;0;0;0;0;0;0;0;0;0;0;0
Jaaar1;94;Jaapia argillacea;Wood decayer;Basidiomycota;Agaricomycetes;Jaapiales;Jaapiaceae;Jaapia;16;0;0;0;1;0;0;1;0;1;0;0;1;1;12;3;0;1;1;0;0;1;0;1;2;0;0;1;0;1;0;0;0;0;0;0;0;0;0;0;0;0;0;0;0;0;0;0;0;0;0;1;0;0;0;0;0;0;0;0;0;0;0;0;0;0;0;0;0;0;0;0;0;0;0;0;0;0;0;0;0;0;0;0;0;0;0;0;0;0
Punst1;95;Punctularia strigosozonata;Pathogen;Basidiomycota;Agaricomycetes;Corticiales;Punctulariaceae;Punctularia;22;0;1;0;0;0;1;0;1;3;1;0;1;0;10;2;4;0;1;0;0;0;0;0;1;0;0;0;0;3;1;0;0;0;0;0;0;0;0;0;0;1;0;0;0;0;0;0;0;0;0;0;0;0;0;0;0;0;0;0;0;1;0;0;0;0;0;0;0;0;0;0;0;0;0;0;0;0;0;0;0;0;0;0;0;0;0;0;0;0
Sisni1;96;Sistotremastrum niveocremeum;Wood decayer;Basidiomycota;Agaricomycetes;Trechisporales;Hydnodontaceae;Sistotremastrum;13;0;0;0;5;0;0;0;0;1;1;0;1;1;11;0;3;0;1;0;0;0;0;0;0;0;0;0;0;1;0;0;0;0;0;0;0;0;0;0;0;0;0;0;0;0;0;0;1;0;0;1;0;0;0;0;0;0;0;0;0;0;0;0;0;0;0;1;0;0;0;0;0;0;0;0;0;0;0;0;0;0;0;0;1;1;0;0;0;0
Ramac1;97;Ramaria rubella;Saprotroph;Basidiomycota;Agaricomycetes;Gomphales;Gomphaceae;Ramaria;13;1;0;0;2;0;0;0;0;2;0;0;1;0;10;4;4;5;1;1;0;0;0;0;0;0;0;0;0;0;0;0;1;0;0;0;0;0;0;0;0;0;0;0;0;0;0;0;0;0;0;0;0;0;0;0;0;0;0;0;0;0;0;0;0;0;0;0;0;0;0;0;0;0;0;0;0;0;0;0;0;0;0;0;0;0;0;0;0;0
Gaumor1_1;98;Gautieria morchelliformis;Ectomycorrhizae;Basidiomycota;Agaricomycetes;Gomphales;Gautieriaceae;Gautieria;14;1;0;0;4;0;0;0;0;1;0;0;1;0;7;3;3;0;1;1;0;1;0;0;0;0;0;0;0;0;1;0;1;0;0;0;0;0;0;0;0;0;0;0;0;0;0;0;0;0;0;1;0;0;0;0;0;0;0;0;0;0;0;0;0;0;1;0;0;0;0;0;0;0;0;0;0;0;0;0;0;0;0;0;0;0;0;0;0;0
Sphst1;99;Sphaerobolus stellatus;Wood decayer;Basidiomycota;Agaricomycetes;Geastrales;Sphaerobolaceae;Sphaerobolus;31;1;0;0;2;0;1;0;0;2;0;0;1;0;17;7;5;1;5;1;0;1;0;2;1;0;0;0;0;2;2;0;0;0;0;0;0;0;0;0;0;0;0;0;0;0;0;0;0;0;0;0;0;0;0;0;0;0;2;0;0;0;0;0;0;0;0;0;0;0;0;0;0;0;0;0;0;0;0;0;0;0;0;0;0;0;1;0;0;0
Aurde3_1;100;Auricularia subglabra;Wood decayer;Basidiomycota;Agaricomycetes;Auriculariales;Auriculariaceae;Auricularia;17;1;3;0;4;0;0;1;0;9;1;1;13;0;17;1;8;0;1;1;0;0;0;4;5;0;0;0;0;8;17;0;0;0;0;0;0;0;0;0;0;0;0;0;0;0;0;0;1;1;0;0;0;0;0;0;0;0;0;0;0;0;0;0;0;0;0;0;0;0;0;0;0;0;0;0;0;0;0;0;0;0;0;0;0;0;0;0;0;0
Pirin1;101;Piriformospora indica;Endophyte;Basidiomycota;Agaricomycetes;Sebacinales;Serendipitaceae;Serendipita;4;0;0;1;1;0;0;0;2;3;1;1;8;0;5;1;0;0;0;3;0;1;0;0;12;0;0;0;0;4;2;0;0;0;0;0;0;0;0;0;0;0;0;0;0;0;0;0;0;0;0;0;0;0;0;0;0;0;0;0;0;1;0;0;1;0;0;0;0;0;0;0;0;0;0;0;0;0;0;0;1;0;0;0;0;0;0;0;0;0
Sebve1;102;Sebacina vermifera;Orchid mycorrhizae;Basidiomycota;Agaricomycetes;Sebacinales;Serendipitaceae;Serendipita;8;2;0;3;0;0;0;0;2;1;1;4;8;0;7;2;0;0;0;1;0;0;0;0;1;0;0;0;0;2;3;0;0;0;0;0;0;0;0;0;0;0;0;0;0;0;0;0;0;0;0;0;0;0;0;0;0;0;0;0;0;0;0;0;0;0;0;0;0;0;0;0;0;0;0;0;0;0;0;0;2;0;0;1;0;0;0;0;0;0
Hydru2;103;Hydnum rufescens;Ectomycorrhizae;Basidiomycota;Agaricomycetes;Cantharellales;Hydnaceae;Hydnum;11;1;0;0;2;0;0;0;0;2;1;0;4;0;3;0;1;2;1;0;0;0;0;1;0;0;0;1;0;0;0;0;0;0;0;0;0;0;0;0;0;0;0;0;0;1;0;0;0;0;0;1;0;0;0;0;0;0;0;0;0;0;0;0;0;0;0;0;0;1;1;0;0;0;0;0;0;0;0;0;0;0;0;0;0;0;0;0;0;0
Cananz1;104;Cantharellus anzutake;Ectomycorrhizae;Basidiomycota;Agaricomycetes;Cantharellales;Cantharellaceae;Cantharellus;16;0;1;0;0;0;0;0;0;1;1;0;10;0;1;0;1;2;1;0;0;1;0;0;6;0;0;0;0;1;1;0;0;0;0;0;0;0;0;0;0;0;0;0;0;0;0;0;0;0;0;2;0;0;0;0;0;0;0;0;0;0;0;0;0;0;0;0;0;0;0;0;0;0;0;0;0;0;0;0;0;0;0;0;0;0;0;0;0;0
ClaPMI390;105;Sistotrema sp.;Saprotroph;Basidiomycota;Agaricomycetes;Cantharellales;Clavulinaceae;;17;0;6;0;1;0;0;0;0;2;0;1;2;0;8;2;8;1;1;0;0;1;0;0;1;0;0;0;0;0;1;0;0;0;0;0;0;0;0;0;1;0;0;0;0;0;0;0;0;0;0;0;0;0;0;0;0;0;0;0;0;1;1;0;0;0;0;0;0;0;0;0;0;0;0;0;0;0;0;0;0;0;0;0;0;0;0;0;0;0
Botbo1;106;Botryobasidium botryosum;Saprotroph;Basidiomycota;Agaricomycetes;Cantharellales;Botryobasidiaceae;Botryobasidium;15;1;0;0;3;0;0;0;1;6;1;5;11;0;3;10;6;0;0;3;0;0;0;0;3;0;0;0;0;3;1;0;0;0;0;0;0;0;0;0;0;0;0;0;0;0;0;0;0;0;0;1;0;0;0;0;0;0;0;0;0;0;0;0;0;0;0;0;0;0;0;0;0;0;0;0;0;0;0;0;0;0;0;0;0;0;0;0;0;0
Tulca1;107;Tulasnella calospora;Orchid mycorrhizae;Basidiomycota;Agaricomycetes;Cantharellales;Tulasnellaceae;Tulasnella;13;1;0;0;0;0;0;0;0;1;1;1;3;0;2;10;0;0;0;1;0;1;0;0;3;0;0;1;0;4;8;0;0;0;0;0;0;0;0;0;0;0;0;0;0;0;0;0;0;0;0;0;0;0;0;0;0;0;0;0;0;0;0;0;0;0;0;0;0;0;0;0;0;0;0;0;0;0;0;0;0;0;0;0;0;0;0;0;1;0
CerAGI;108;Ceratobasidium sp.;Orchid mycorrhizae;Basidiomycota;Agaricomycetes;Cantharellales;Ceratobasidiaceae;Ceratobasidium;14;0;0;0;4;0;0;0;4;5;0;5;18;0;9;1;1;1;0;3;0;1;0;0;20;0;0;1;0;9;1;0;0;1;0;0;0;0;0;0;0;0;0;0;0;2;0;0;0;0;0;0;0;0;0;0;0;1;1;0;0;0;0;0;0;0;0;0;0;0;0;0;0;0;0;0;0;0;0;0;0;0;0;0;0;0;0;0;0;0
Rhiso1;109;Rhizoctonia solani;Pathogen;Basidiomycota;Agaricomycetes;Cantharellales;Ceratobasidiaceae;Rhizoctonia;21;1;0;0;4;0;0;0;3;6;1;8;19;0;5;2;0;1;0;0;0;4;0;0;11;0;0;0;0;18;5;0;0;1;0;0;0;0;0;0;0;0;0;0;0;1;0;0;0;0;0;0;0;0;0;0;0;2;0;0;0;0;0;0;0;0;0;0;0;0;0;0;0;0;0;0;0;0;0;0;0;0;0;0;0;0;0;0;0;0
Dacsp1;110;Dacryopinax primogenitus;Wood decayer;Basidiomycota;Dacrymycetes;Dacrymycetales;Dacrymycetaceae;Dacryopinax;6;0;0;0;1;0;1;0;0;2;1;0;1;1;9;1;4;0;0;0;0;0;0;0;0;0;0;0;0;1;1;0;0;0;0;0;0;0;0;0;0;0;0;0;0;0;0;0;0;0;0;0;0;0;0;0;0;0;0;0;0;0;0;0;0;0;0;0;0;0;0;0;0;0;0;0;0;0;0;0;0;0;0;0;0;0;0;0;0;0
Treme1;111;Tremella mesenterica;Wood decayer;Basidiomycota;Tremellomycetes;Tremellales;Tremellaceae;Tremella;3;0;0;0;0;1;0;0;0;1;0;0;1;0;2;1;0;0;0;0;0;1;0;1;0;0;0;0;0;1;1;0;0;0;0;0;0;0;0;0;0;0;0;0;0;0;0;0;0;0;0;1;0;0;0;0;0;0;0;0;0;1;0;0;0;0;0;0;0;0;0;0;0;0;0;0;0;0;0;0;0;0;0;0;0;0;0;0;0;0
Walse1;112;Wallemia sebi;Saprotroph;Basidiomycota;Wallemiomycetes;Wallemiales;;Wallemia;2;0;0;0;1;0;0;0;0;0;0;0;2;0;1;0;0;1;0;0;0;0;0;1;0;0;0;0;0;0;0;0;0;0;0;0;0;0;0;0;0;0;0;0;0;0;0;0;0;0;0;0;0;0;0;0;0;0;0;0;0;0;0;0;0;0;0;0;0;0;0;0;0;0;0;0;0;0;0;0;0;0;0;0;0;0;0;0;0;0
